condition,seed,step,grad_norm,loss,raw_reward,run
B,20260820,0,1.6498388051986694,0.019356299191713333,0.36328125,CURVE60-BR-e2be8cd-20260821-1120-GPU01247-B60-GPU01247-seed20260820-attempt1
B,20260820,1,0.38482001423835754,0.01857079565525055,0.41796875,CURVE60-BR-e2be8cd-20260821-1120-GPU01247-B60-GPU01247-seed20260820-attempt1
B,20260820,2,0.6487029790878296,0.020665546879172325,0.33203125,CURVE60-BR-e2be8cd-20260821-1120-GPU01247-B60-GPU01247-seed20260820-attempt1
B,20260820,3,0.3633410930633545,0.019486699253320694,0.43359375,CURVE60-BR-e2be8cd-20260821-1120-GPU01247-B60-GPU01247-seed20260820-attempt1
B,20260820,4,0.6279944181442261,0.009685194119811058,0.41796875,CURVE60-BR-e2be8cd-20260821-1120-GPU01247-B60-GPU01247-seed20260820-attempt1
B,20260820,5,0.6778151988983154,0.010106661356985569,0.328125,CURVE60-BR-e2be8cd-20260821-1120-GPU01247-B60-GPU01247-seed20260820-attempt1
B,20260820,6,0.8040317893028259,0.03148194029927254,0.34765625,CURVE60-BR-e2be8cd-20260821-1120-GPU01247-B60-GPU01247-seed20260820-attempt1
B,20260820,7,0.6811087131500244,0.03332986682653427,0.55078125,CURVE60-BR-e2be8cd-20260821-1120-GPU01247-B60-GPU01247-seed20260820-attempt1
B,20260820,8,0.4481180012226105,0.022072913125157356,0.3984375,CURVE60-BR-e2be8cd-20260821-1120-GPU01247-B60-GPU01247-seed20260820-attempt1
B,20260820,9,0.48131468892097473,0.03994441404938698,0.46875,CURVE60-BR-e2be8cd-20260821-1120-GPU01247-B60-GPU01247-seed20260820-attempt1
B,20260820,10,0.416685551404953,-0.003231322392821312,0.296875,CURVE60-BR-e2be8cd-20260821-1120-GPU01247-B60-GPU01247-seed20260820-attempt1
B,20260820,11,0.5374661087989807,0.01741638220846653,0.40625,CURVE60-BR-e2be8cd-20260821-1120-GPU01247-B60-GPU01247-seed20260820-attempt1
B,20260820,12,0.7658050656318665,0.01872197352349758,0.43359375,CURVE60-BR-e2be8cd-20260821-1120-GPU01247-B60-GPU01247-seed20260820-attempt1
B,20260820,13,0.4958615303039551,-0.009184121154248714,0.43359375,CURVE60-BR-e2be8cd-20260821-1120-GPU01247-B60-GPU01247-seed20260820-attempt1
B,20260820,14,0.49316564202308655,0.012715593911707401,0.4375,CURVE60-BR-e2be8cd-20260821-1120-GPU01247-B60-GPU01247-seed20260820-attempt1
B,20260820,15,0.4941909611225128,0.018101906403899193,0.296875,CURVE60-BR-e2be8cd-20260821-1120-GPU01247-B60-GPU01247-seed20260820-attempt1
B,20260820,16,4.8189568519592285,-0.0013137960340827703,0.42578125,CURVE60-BR-e2be8cd-20260821-1120-GPU01247-B60-GPU01247-seed20260820-attempt1
B,20260820,17,0.5323126912117004,0.004093967378139496,0.46875,CURVE60-BR-e2be8cd-20260821-1120-GPU01247-B60-GPU01247-seed20260820-attempt1
B,20260820,18,0.5062727332115173,-0.008586741983890533,0.390625,CURVE60-BR-e2be8cd-20260821-1120-GPU01247-B60-GPU01247-seed20260820-attempt1
B,20260820,19,0.5279234647750854,0.010084589943289757,0.4765625,CURVE60-BR-e2be8cd-20260821-1120-GPU01247-B60-GPU01247-seed20260820-attempt1
B,20260820,20,0.9042879343032837,3.187017500749789e-05,0.39453125,CURVE60-BR-e2be8cd-20260821-1120-GPU01247-B60-GPU01247-seed20260820-attempt1
B,20260820,21,0.7449411749839783,0.01862102933228016,0.40625,CURVE60-BR-e2be8cd-20260821-1120-GPU01247-B60-GPU01247-seed20260820-attempt1
B,20260820,22,0.42537713050842285,0.021134499460458755,0.47265625,CURVE60-BR-e2be8cd-20260821-1120-GPU01247-B60-GPU01247-seed20260820-attempt1
B,20260820,23,0.582819938659668,0.0010746276238933206,0.3359375,CURVE60-BR-e2be8cd-20260821-1120-GPU01247-B60-GPU01247-seed20260820-attempt1
B,20260820,24,0.5080101490020752,0.049885332584381104,0.41796875,CURVE60-BR-e2be8cd-20260821-1120-GPU01247-B60-GPU01247-seed20260820-attempt1
B,20260820,25,0.8530897498130798,0.03258975222706795,0.44140625,CURVE60-BR-e2be8cd-20260821-1120-GPU01247-B60-GPU01247-seed20260820-attempt1
B,20260820,26,0.44724366068840027,0.0006548205856233835,0.375,CURVE60-BR-e2be8cd-20260821-1120-GPU01247-B60-GPU01247-seed20260820-attempt1
B,20260820,27,0.5369486212730408,0.012855582870543003,0.37890625,CURVE60-BR-e2be8cd-20260821-1120-GPU01247-B60-GPU01247-seed20260820-attempt1
B,20260820,28,0.6923953294754028,0.06283760815858841,0.390625,CURVE60-BR-e2be8cd-20260821-1120-GPU01247-B60-GPU01247-seed20260820-attempt1
B,20260820,29,0.9304041266441345,-0.003404795890673995,0.453125,CURVE60-BR-e2be8cd-20260821-1120-GPU01247-B60-GPU01247-seed20260820-attempt1
B,20260820,30,0.4780738949775696,-0.0007135305204428732,0.35546875,CURVE60-BR-e2be8cd-20260821-1120-GPU01247-B60-GPU01247-seed20260820-attempt1
B,20260820,31,1.6796810626983643,0.017127975821495056,0.44140625,CURVE60-BR-e2be8cd-20260821-1120-GPU01247-B60-GPU01247-seed20260820-attempt1
B,20260820,32,0.8828567862510681,0.035644304007291794,0.375,CURVE60-BR-e2be8cd-20260821-1120-GPU01247-B60-GPU01247-seed20260820-attempt1
B,20260820,33,0.7343702912330627,0.07742634415626526,0.50390625,CURVE60-BR-e2be8cd-20260821-1120-GPU01247-B60-GPU01247-seed20260820-attempt1
B,20260820,34,0.5607690811157227,-0.038364309817552567,0.3828125,CURVE60-BR-e2be8cd-20260821-1120-GPU01247-B60-GPU01247-seed20260820-attempt1
B,20260820,35,0.4963069558143616,0.04164749011397362,0.453125,CURVE60-BR-e2be8cd-20260821-1120-GPU01247-B60-GPU01247-seed20260820-attempt1
B,20260820,36,0.8837763071060181,0.005864850711077452,0.5,CURVE60-BR-e2be8cd-20260821-1120-GPU01247-B60-GPU01247-seed20260820-attempt1
B,20260820,37,0.48665565252304077,0.03710398077964783,0.4609375,CURVE60-BR-e2be8cd-20260821-1120-GPU01247-B60-GPU01247-seed20260820-attempt1
B,20260820,38,0.5944504141807556,0.02036047913134098,0.4375,CURVE60-BR-e2be8cd-20260821-1120-GPU01247-B60-GPU01247-seed20260820-attempt1
B,20260820,39,0.7144293785095215,0.03758814185857773,0.421875,CURVE60-BR-e2be8cd-20260821-1120-GPU01247-B60-GPU01247-seed20260820-attempt1
B,20260820,40,0.48410308361053467,0.008800321258604527,0.31640625,CURVE60-BR-e2be8cd-20260821-1120-GPU01247-B60-GPU01247-seed20260820-attempt1
B,20260820,41,0.4365988075733185,0.026883190497756004,0.43359375,CURVE60-BR-e2be8cd-20260821-1120-GPU01247-B60-GPU01247-seed20260820-attempt1
B,20260820,42,0.9087061882019043,0.010043489746749401,0.48828125,CURVE60-BR-e2be8cd-20260821-1120-GPU01247-B60-GPU01247-seed20260820-attempt1
B,20260820,43,1.0206964015960693,0.037789445370435715,0.4765625,CURVE60-BR-e2be8cd-20260821-1120-GPU01247-B60-GPU01247-seed20260820-attempt1
B,20260820,44,0.5507121086120605,0.01326662302017212,0.57421875,CURVE60-BR-e2be8cd-20260821-1120-GPU01247-B60-GPU01247-seed20260820-attempt1
B,20260820,45,1.3638311624526978,0.05881502851843834,0.5078125,CURVE60-BR-e2be8cd-20260821-1120-GPU01247-B60-GPU01247-seed20260820-attempt1
B,20260820,46,4.891648769378662,0.004135551862418652,0.51171875,CURVE60-BR-e2be8cd-20260821-1120-GPU01247-B60-GPU01247-seed20260820-attempt1
B,20260820,47,0.7021967172622681,0.037607576698064804,0.42578125,CURVE60-BR-e2be8cd-20260821-1120-GPU01247-B60-GPU01247-seed20260820-attempt1
B,20260820,48,0.4625808894634247,0.016438394784927368,0.45703125,CURVE60-BR-e2be8cd-20260821-1120-GPU01247-B60-GPU01247-seed20260820-attempt1
B,20260820,49,1.0349822044372559,0.01627519354224205,0.57421875,CURVE60-BR-e2be8cd-20260821-1120-GPU01247-B60-GPU01247-seed20260820-attempt1
B,20260820,50,0.4390319883823395,-0.003267075400799513,0.453125,CURVE60-BR-e2be8cd-20260821-1120-GPU01247-B60-GPU01247-seed20260820-attempt1
B,20260820,51,1.5656843185424805,0.037525732070207596,0.421875,CURVE60-BR-e2be8cd-20260821-1120-GPU01247-B60-GPU01247-seed20260820-attempt1
B,20260820,52,0.9316155314445496,0.0334041528403759,0.52734375,CURVE60-BR-e2be8cd-20260821-1120-GPU01247-B60-GPU01247-seed20260820-attempt1
B,20260820,53,1.1392645835876465,0.049789927899837494,0.4140625,CURVE60-BR-e2be8cd-20260821-1120-GPU01247-B60-GPU01247-seed20260820-attempt1
B,20260820,54,0.6797915101051331,0.07747383415699005,0.5390625,CURVE60-BR-e2be8cd-20260821-1120-GPU01247-B60-GPU01247-seed20260820-attempt1
B,20260820,55,0.561831533908844,0.02448113076388836,0.47265625,CURVE60-BR-e2be8cd-20260821-1120-GPU01247-B60-GPU01247-seed20260820-attempt1
B,20260820,56,2.972630262374878,0.05016577988862991,0.65234375,CURVE60-BR-e2be8cd-20260821-1120-GPU01247-B60-GPU01247-seed20260820-attempt1
B,20260820,57,0.586186408996582,-0.015770554542541504,0.4609375,CURVE60-BR-e2be8cd-20260821-1120-GPU01247-B60-GPU01247-seed20260820-attempt1
B,20260820,58,0.4684887230396271,0.012134733609855175,0.4765625,CURVE60-BR-e2be8cd-20260821-1120-GPU01247-B60-GPU01247-seed20260820-attempt1
B,20260820,59,0.9306910634040833,0.04312645643949509,0.53125,CURVE60-BR-e2be8cd-20260821-1120-GPU01247-B60-GPU01247-seed20260820-attempt1
B,20260821,0,0.542076051235199,0.07081609219312668,0.5390625,CURVE60-FULL2-e2be8cd-20260821-192422-GPU01247-B60-GPU01247-seed20260821-attempt1
B,20260821,1,0.7464346885681152,0.02146446704864502,0.3671875,CURVE60-FULL2-e2be8cd-20260821-192422-GPU01247-B60-GPU01247-seed20260821-attempt1
B,20260821,2,0.4427310824394226,0.0401880256831646,0.30859375,CURVE60-FULL2-e2be8cd-20260821-192422-GPU01247-B60-GPU01247-seed20260821-attempt1
B,20260821,3,0.9760047793388367,0.0248207189142704,0.46484375,CURVE60-FULL2-e2be8cd-20260821-192422-GPU01247-B60-GPU01247-seed20260821-attempt1
B,20260821,4,0.2991259694099426,0.01465029176324606,0.32421875,CURVE60-FULL2-e2be8cd-20260821-192422-GPU01247-B60-GPU01247-seed20260821-attempt1
B,20260821,5,0.4983591139316559,0.009168311022222042,0.3828125,CURVE60-FULL2-e2be8cd-20260821-192422-GPU01247-B60-GPU01247-seed20260821-attempt1
B,20260821,6,0.4529203474521637,-0.006110635586082935,0.40234375,CURVE60-FULL2-e2be8cd-20260821-192422-GPU01247-B60-GPU01247-seed20260821-attempt1
B,20260821,7,0.3436594009399414,0.03105446882545948,0.26171875,CURVE60-FULL2-e2be8cd-20260821-192422-GPU01247-B60-GPU01247-seed20260821-attempt1
B,20260821,8,0.3758862614631653,0.01276917289942503,0.32421875,CURVE60-FULL2-e2be8cd-20260821-192422-GPU01247-B60-GPU01247-seed20260821-attempt1
B,20260821,9,0.4884752631187439,0.052132997661828995,0.4375,CURVE60-FULL2-e2be8cd-20260821-192422-GPU01247-B60-GPU01247-seed20260821-attempt1
B,20260821,10,0.6001721024513245,0.049393508583307266,0.3203125,CURVE60-FULL2-e2be8cd-20260821-192422-GPU01247-B60-GPU01247-seed20260821-attempt1
B,20260821,11,0.7920637130737305,0.018431784585118294,0.3984375,CURVE60-FULL2-e2be8cd-20260821-192422-GPU01247-B60-GPU01247-seed20260821-attempt1
B,20260821,12,0.8378311991691589,0.0046936580911278725,0.34375,CURVE60-FULL2-e2be8cd-20260821-192422-GPU01247-B60-GPU01247-seed20260821-attempt1
B,20260821,13,0.4688231647014618,0.008416959084570408,0.3828125,CURVE60-FULL2-e2be8cd-20260821-192422-GPU01247-B60-GPU01247-seed20260821-attempt1
B,20260821,14,0.3955099582672119,0.028920140117406845,0.41015625,CURVE60-FULL2-e2be8cd-20260821-192422-GPU01247-B60-GPU01247-seed20260821-attempt1
B,20260821,15,0.47800710797309875,-0.007832188159227371,0.5,CURVE60-FULL2-e2be8cd-20260821-192422-GPU01247-B60-GPU01247-seed20260821-attempt1
B,20260821,16,0.3554649353027344,0.007895194925367832,0.3359375,CURVE60-FULL2-e2be8cd-20260821-192422-GPU01247-B60-GPU01247-seed20260821-attempt1
B,20260821,17,0.8020098209381104,0.02105746790766716,0.47265625,CURVE60-FULL2-e2be8cd-20260821-192422-GPU01247-B60-GPU01247-seed20260821-attempt1
B,20260821,18,0.4996100664138794,0.01462563220411539,0.51953125,CURVE60-FULL2-e2be8cd-20260821-192422-GPU01247-B60-GPU01247-seed20260821-attempt1
B,20260821,19,0.7430817484855652,0.04066089168190956,0.3515625,CURVE60-FULL2-e2be8cd-20260821-192422-GPU01247-B60-GPU01247-seed20260821-attempt1
B,20260821,20,0.49787843227386475,0.01868140511214733,0.41015625,CURVE60-FULL2-e2be8cd-20260821-192422-GPU01247-B60-GPU01247-seed20260821-attempt1
B,20260821,21,0.9670242071151733,0.007662575226277113,0.33984375,CURVE60-FULL2-e2be8cd-20260821-192422-GPU01247-B60-GPU01247-seed20260821-attempt1
B,20260821,22,0.43042072653770447,0.03891659528017044,0.2890625,CURVE60-FULL2-e2be8cd-20260821-192422-GPU01247-B60-GPU01247-seed20260821-attempt1
B,20260821,23,0.848482608795166,-0.00833464227616787,0.35546875,CURVE60-FULL2-e2be8cd-20260821-192422-GPU01247-B60-GPU01247-seed20260821-attempt1
B,20260821,24,0.49345818161964417,0.01620876044034958,0.3984375,CURVE60-FULL2-e2be8cd-20260821-192422-GPU01247-B60-GPU01247-seed20260821-attempt1
B,20260821,25,1.0045613050460815,0.024324102327227592,0.45703125,CURVE60-FULL2-e2be8cd-20260821-192422-GPU01247-B60-GPU01247-seed20260821-attempt1
B,20260821,26,0.5814957618713379,0.01309897005558014,0.390625,CURVE60-FULL2-e2be8cd-20260821-192422-GPU01247-B60-GPU01247-seed20260821-attempt1
B,20260821,27,0.7427628040313721,0.01805795729160309,0.46875,CURVE60-FULL2-e2be8cd-20260821-192422-GPU01247-B60-GPU01247-seed20260821-attempt1
B,20260821,28,0.5566834807395935,0.016962379217147827,0.453125,CURVE60-FULL2-e2be8cd-20260821-192422-GPU01247-B60-GPU01247-seed20260821-attempt1
B,20260821,29,0.6607221961021423,0.028756098821759224,0.41015625,CURVE60-FULL2-e2be8cd-20260821-192422-GPU01247-B60-GPU01247-seed20260821-attempt1
B,20260821,30,2.9024391174316406,0.04566473886370659,0.421875,CURVE60-FULL2-e2be8cd-20260821-192422-GPU01247-B60-GPU01247-seed20260821-attempt1
B,20260821,31,1.311038613319397,-0.015103829093277454,0.375,CURVE60-FULL2-e2be8cd-20260821-192422-GPU01247-B60-GPU01247-seed20260821-attempt1
B,20260821,32,1.502185344696045,-0.008660083636641502,0.42578125,CURVE60-FULL2-e2be8cd-20260821-192422-GPU01247-B60-GPU01247-seed20260821-attempt1
B,20260821,33,0.4606550633907318,0.024520402774214745,0.37890625,CURVE60-FULL2-e2be8cd-20260821-192422-GPU01247-B60-GPU01247-seed20260821-attempt1
B,20260821,34,2.549971103668213,0.009409774094820023,0.4453125,CURVE60-FULL2-e2be8cd-20260821-192422-GPU01247-B60-GPU01247-seed20260821-attempt1
B,20260821,35,0.9344590902328491,0.029513882473111153,0.42578125,CURVE60-FULL2-e2be8cd-20260821-192422-GPU01247-B60-GPU01247-seed20260821-attempt1
B,20260821,36,0.7737729549407959,0.015993032604455948,0.37109375,CURVE60-FULL2-e2be8cd-20260821-192422-GPU01247-B60-GPU01247-seed20260821-attempt1
B,20260821,37,0.8164352178573608,0.019357899203896523,0.4296875,CURVE60-FULL2-e2be8cd-20260821-192422-GPU01247-B60-GPU01247-seed20260821-attempt1
B,20260821,38,0.5632349252700806,-0.01838708482682705,0.484375,CURVE60-FULL2-e2be8cd-20260821-192422-GPU01247-B60-GPU01247-seed20260821-attempt1
B,20260821,39,0.6351881623268127,0.044635362923145294,0.48046875,CURVE60-FULL2-e2be8cd-20260821-192422-GPU01247-B60-GPU01247-seed20260821-attempt1
B,20260821,40,0.5129201412200928,0.008812150917947292,0.47265625,CURVE60-FULL2-e2be8cd-20260821-192422-GPU01247-B60-GPU01247-seed20260821-attempt1
B,20260821,41,0.7399413585662842,0.0092493686825037,0.515625,CURVE60-FULL2-e2be8cd-20260821-192422-GPU01247-B60-GPU01247-seed20260821-attempt1
B,20260821,42,0.5753204822540283,0.03625643998384476,0.48046875,CURVE60-FULL2-e2be8cd-20260821-192422-GPU01247-B60-GPU01247-seed20260821-attempt1
B,20260821,43,0.5843178033828735,0.04281272739171982,0.6171875,CURVE60-FULL2-e2be8cd-20260821-192422-GPU01247-B60-GPU01247-seed20260821-attempt1
B,20260821,44,0.692403256893158,0.010690229944884777,0.53515625,CURVE60-FULL2-e2be8cd-20260821-192422-GPU01247-B60-GPU01247-seed20260821-attempt1
B,20260821,45,0.560636043548584,0.015620275400578976,0.5234375,CURVE60-FULL2-e2be8cd-20260821-192422-GPU01247-B60-GPU01247-seed20260821-attempt1
B,20260821,46,0.5430264472961426,0.03718603029847145,0.5,CURVE60-FULL2-e2be8cd-20260821-192422-GPU01247-B60-GPU01247-seed20260821-attempt1
B,20260821,47,0.6651355028152466,-0.0031856836285442114,0.515625,CURVE60-FULL2-e2be8cd-20260821-192422-GPU01247-B60-GPU01247-seed20260821-attempt1
B,20260821,48,0.46284377574920654,0.03093728981912136,0.5703125,CURVE60-FULL2-e2be8cd-20260821-192422-GPU01247-B60-GPU01247-seed20260821-attempt1
B,20260821,49,1.1949883699417114,0.011358576826751232,0.3828125,CURVE60-FULL2-e2be8cd-20260821-192422-GPU01247-B60-GPU01247-seed20260821-attempt1
B,20260821,50,0.5619573593139648,-0.0073581263422966,0.52734375,CURVE60-FULL2-e2be8cd-20260821-192422-GPU01247-B60-GPU01247-seed20260821-attempt1
B,20260821,51,0.9630652070045471,-0.0006066153291612864,0.546875,CURVE60-FULL2-e2be8cd-20260821-192422-GPU01247-B60-GPU01247-seed20260821-attempt1
B,20260821,52,0.6613718867301941,0.006035282742232084,0.53515625,CURVE60-FULL2-e2be8cd-20260821-192422-GPU01247-B60-GPU01247-seed20260821-attempt1
B,20260821,53,0.5418758392333984,0.0701926201581955,0.546875,CURVE60-FULL2-e2be8cd-20260821-192422-GPU01247-B60-GPU01247-seed20260821-attempt1
B,20260821,54,1.0717426538467407,0.023278476670384407,0.50390625,CURVE60-FULL2-e2be8cd-20260821-192422-GPU01247-B60-GPU01247-seed20260821-attempt1
B,20260821,55,0.6225085854530334,0.03224185109138489,0.38671875,CURVE60-FULL2-e2be8cd-20260821-192422-GPU01247-B60-GPU01247-seed20260821-attempt1
B,20260821,56,0.5876040458679199,0.01511850580573082,0.5859375,CURVE60-FULL2-e2be8cd-20260821-192422-GPU01247-B60-GPU01247-seed20260821-attempt1
B,20260821,57,0.5265958905220032,0.02567979507148266,0.50390625,CURVE60-FULL2-e2be8cd-20260821-192422-GPU01247-B60-GPU01247-seed20260821-attempt1
B,20260821,58,0.6620361804962158,0.0317813940346241,0.61328125,CURVE60-FULL2-e2be8cd-20260821-192422-GPU01247-B60-GPU01247-seed20260821-attempt1
B,20260821,59,0.46042346954345703,0.023642906919121742,0.515625,CURVE60-FULL2-e2be8cd-20260821-192422-GPU01247-B60-GPU01247-seed20260821-attempt1
P,20260820,0,1.657288670539856,0.019366076216101646,0.36328125,CURVE60-FULL2-e2be8cd-20260821-192422-GPU01247-P60-GPU01247-seed20260820-attempt1
P,20260820,1,0.3458271324634552,0.018578043207526207,0.41796875,CURVE60-FULL2-e2be8cd-20260821-192422-GPU01247-P60-GPU01247-seed20260820-attempt1
P,20260820,2,0.6200300455093384,0.020654667168855667,0.33203125,CURVE60-FULL2-e2be8cd-20260821-192422-GPU01247-P60-GPU01247-seed20260820-attempt1
P,20260820,3,0.7208900451660156,0.037029966711997986,0.4375,CURVE60-FULL2-e2be8cd-20260821-192422-GPU01247-P60-GPU01247-seed20260820-attempt1
P,20260820,4,0.7176000475883484,0.01704692840576172,0.421875,CURVE60-FULL2-e2be8cd-20260821-192422-GPU01247-P60-GPU01247-seed20260820-attempt1
P,20260820,5,0.4147849380970001,0.011306876316666603,0.30078125,CURVE60-FULL2-e2be8cd-20260821-192422-GPU01247-P60-GPU01247-seed20260820-attempt1
P,20260820,6,2.1249780654907227,-0.004307588562369347,0.3359375,CURVE60-FULL2-e2be8cd-20260821-192422-GPU01247-P60-GPU01247-seed20260820-attempt1
P,20260820,7,0.658979058265686,-0.006364340893924236,0.54296875,CURVE60-FULL2-e2be8cd-20260821-192422-GPU01247-P60-GPU01247-seed20260820-attempt1
P,20260820,8,0.3186611831188202,0.026351578533649445,0.375,CURVE60-FULL2-e2be8cd-20260821-192422-GPU01247-P60-GPU01247-seed20260820-attempt1
P,20260820,9,1.4023536443710327,0.05234600603580475,0.44140625,CURVE60-FULL2-e2be8cd-20260821-192422-GPU01247-P60-GPU01247-seed20260820-attempt1
P,20260820,10,0.7800554037094116,0.010443337261676788,0.3046875,CURVE60-FULL2-e2be8cd-20260821-192422-GPU01247-P60-GPU01247-seed20260820-attempt1
P,20260820,11,0.4729806184768677,0.024677647277712822,0.39453125,CURVE60-FULL2-e2be8cd-20260821-192422-GPU01247-P60-GPU01247-seed20260820-attempt1
P,20260820,12,0.5448625087738037,-0.013692475855350494,0.41015625,CURVE60-FULL2-e2be8cd-20260821-192422-GPU01247-P60-GPU01247-seed20260820-attempt1
P,20260820,13,0.5448007583618164,0.0411333404481411,0.421875,CURVE60-FULL2-e2be8cd-20260821-192422-GPU01247-P60-GPU01247-seed20260820-attempt1
P,20260820,14,0.4783957600593567,0.0034639721270650625,0.3984375,CURVE60-FULL2-e2be8cd-20260821-192422-GPU01247-P60-GPU01247-seed20260820-attempt1
P,20260820,15,0.382961630821228,0.004186701029539108,0.30859375,CURVE60-FULL2-e2be8cd-20260821-192422-GPU01247-P60-GPU01247-seed20260820-attempt1
P,20260820,16,0.6346192359924316,0.014918753877282143,0.421875,CURVE60-FULL2-e2be8cd-20260821-192422-GPU01247-P60-GPU01247-seed20260820-attempt1
P,20260820,17,0.5665162801742554,-0.010715274140238762,0.46484375,CURVE60-FULL2-e2be8cd-20260821-192422-GPU01247-P60-GPU01247-seed20260820-attempt1
P,20260820,18,0.6354711055755615,0.0031808395870029926,0.37890625,CURVE60-FULL2-e2be8cd-20260821-192422-GPU01247-P60-GPU01247-seed20260820-attempt1
P,20260820,19,0.5140688419342041,0.03379341587424278,0.44921875,CURVE60-FULL2-e2be8cd-20260821-192422-GPU01247-P60-GPU01247-seed20260820-attempt1
P,20260820,20,1.4664984941482544,0.0034672534093260765,0.421875,CURVE60-FULL2-e2be8cd-20260821-192422-GPU01247-P60-GPU01247-seed20260820-attempt1
P,20260820,21,0.33377188444137573,0.005916297435760498,0.4140625,CURVE60-FULL2-e2be8cd-20260821-192422-GPU01247-P60-GPU01247-seed20260820-attempt1
P,20260820,22,0.6396245360374451,0.002075277268886566,0.484375,CURVE60-FULL2-e2be8cd-20260821-192422-GPU01247-P60-GPU01247-seed20260820-attempt1
P,20260820,23,3.112680196762085,-0.01413209829479456,0.34375,CURVE60-FULL2-e2be8cd-20260821-192422-GPU01247-P60-GPU01247-seed20260820-attempt1
P,20260820,24,0.5137876868247986,0.06425252556800842,0.43359375,CURVE60-FULL2-e2be8cd-20260821-192422-GPU01247-P60-GPU01247-seed20260820-attempt1
P,20260820,25,0.5141358375549316,0.028082268312573433,0.421875,CURVE60-FULL2-e2be8cd-20260821-192422-GPU01247-P60-GPU01247-seed20260820-attempt1
P,20260820,26,0.6359899640083313,0.020086826756596565,0.37890625,CURVE60-FULL2-e2be8cd-20260821-192422-GPU01247-P60-GPU01247-seed20260820-attempt1
P,20260820,27,0.5393784642219543,0.047575488686561584,0.37109375,CURVE60-FULL2-e2be8cd-20260821-192422-GPU01247-P60-GPU01247-seed20260820-attempt1
P,20260820,28,0.7855685353279114,0.06030670553445816,0.36328125,CURVE60-FULL2-e2be8cd-20260821-192422-GPU01247-P60-GPU01247-seed20260820-attempt1
P,20260820,29,0.5874793529510498,0.007172205951064825,0.46875,CURVE60-FULL2-e2be8cd-20260821-192422-GPU01247-P60-GPU01247-seed20260820-attempt1
P,20260820,30,0.9112779498100281,0.0033502771984785795,0.36328125,CURVE60-FULL2-e2be8cd-20260821-192422-GPU01247-P60-GPU01247-seed20260820-attempt1
P,20260820,31,0.6924687027931213,0.0032324527855962515,0.4140625,CURVE60-FULL2-e2be8cd-20260821-192422-GPU01247-P60-GPU01247-seed20260820-attempt1
P,20260820,32,1.0661262273788452,0.04899559170007706,0.39453125,CURVE60-FULL2-e2be8cd-20260821-192422-GPU01247-P60-GPU01247-seed20260820-attempt1
P,20260820,33,0.5546817779541016,0.062063492834568024,0.4609375,CURVE60-FULL2-e2be8cd-20260821-192422-GPU01247-P60-GPU01247-seed20260820-attempt1
P,20260820,34,0.6463537216186523,-0.0019169902661815286,0.41015625,CURVE60-FULL2-e2be8cd-20260821-192422-GPU01247-P60-GPU01247-seed20260820-attempt1
P,20260820,35,0.7478217482566833,0.026337971910834312,0.44921875,CURVE60-FULL2-e2be8cd-20260821-192422-GPU01247-P60-GPU01247-seed20260820-attempt1
P,20260820,36,0.8944726586341858,0.007076106499880552,0.48828125,CURVE60-FULL2-e2be8cd-20260821-192422-GPU01247-P60-GPU01247-seed20260820-attempt1
P,20260820,37,0.9309936165809631,0.004418583586812019,0.4765625,CURVE60-FULL2-e2be8cd-20260821-192422-GPU01247-P60-GPU01247-seed20260820-attempt1
P,20260820,38,0.5828108191490173,0.029945794492959976,0.48046875,CURVE60-FULL2-e2be8cd-20260821-192422-GPU01247-P60-GPU01247-seed20260820-attempt1
P,20260820,39,0.7196272611618042,0.050103314220905304,0.43359375,CURVE60-FULL2-e2be8cd-20260821-192422-GPU01247-P60-GPU01247-seed20260820-attempt1
P,20260820,40,0.4349450170993805,0.007472475990653038,0.33984375,CURVE60-FULL2-e2be8cd-20260821-192422-GPU01247-P60-GPU01247-seed20260820-attempt1
P,20260820,41,0.3204191327095032,0.019027123227715492,0.453125,CURVE60-FULL2-e2be8cd-20260821-192422-GPU01247-P60-GPU01247-seed20260820-attempt1
P,20260820,42,0.6708921790122986,0.014832701534032822,0.4921875,CURVE60-FULL2-e2be8cd-20260821-192422-GPU01247-P60-GPU01247-seed20260820-attempt1
P,20260820,43,0.48672184348106384,0.014437240548431873,0.4609375,CURVE60-FULL2-e2be8cd-20260821-192422-GPU01247-P60-GPU01247-seed20260820-attempt1
P,20260820,44,2.435767412185669,0.06298976391553879,0.57421875,CURVE60-FULL2-e2be8cd-20260821-192422-GPU01247-P60-GPU01247-seed20260820-attempt1
P,20260820,45,0.6056439876556396,0.03610691800713539,0.5,CURVE60-FULL2-e2be8cd-20260821-192422-GPU01247-P60-GPU01247-seed20260820-attempt1
P,20260820,46,1.5363589525222778,0.046535294502973557,0.5078125,CURVE60-FULL2-e2be8cd-20260821-192422-GPU01247-P60-GPU01247-seed20260820-attempt1
P,20260820,47,0.8408953547477722,0.03956576809287071,0.421875,CURVE60-FULL2-e2be8cd-20260821-192422-GPU01247-P60-GPU01247-seed20260820-attempt1
P,20260820,48,0.5541269779205322,0.025433659553527832,0.4609375,CURVE60-FULL2-e2be8cd-20260821-192422-GPU01247-P60-GPU01247-seed20260820-attempt1
P,20260820,49,1.7061933279037476,0.07354049384593964,0.57421875,CURVE60-FULL2-e2be8cd-20260821-192422-GPU01247-P60-GPU01247-seed20260820-attempt1
P,20260820,50,0.3946124017238617,0.013307061977684498,0.43359375,CURVE60-FULL2-e2be8cd-20260821-192422-GPU01247-P60-GPU01247-seed20260820-attempt1
P,20260820,51,1.4131667613983154,0.02681727521121502,0.3828125,CURVE60-FULL2-e2be8cd-20260821-192422-GPU01247-P60-GPU01247-seed20260820-attempt1
P,20260820,52,0.8939005732536316,0.060741305351257324,0.5390625,CURVE60-FULL2-e2be8cd-20260821-192422-GPU01247-P60-GPU01247-seed20260820-attempt1
P,20260820,53,0.7047074437141418,0.016640277579426765,0.42578125,CURVE60-FULL2-e2be8cd-20260821-192422-GPU01247-P60-GPU01247-seed20260820-attempt1
P,20260820,54,0.367579847574234,0.11847800016403198,0.48828125,CURVE60-FULL2-e2be8cd-20260821-192422-GPU01247-P60-GPU01247-seed20260820-attempt1
P,20260820,55,0.6327225565910339,0.06821969896554947,0.48828125,CURVE60-FULL2-e2be8cd-20260821-192422-GPU01247-P60-GPU01247-seed20260820-attempt1
P,20260820,56,0.5699342489242554,0.02460053749382496,0.69921875,CURVE60-FULL2-e2be8cd-20260821-192422-GPU01247-P60-GPU01247-seed20260820-attempt1
P,20260820,57,1.0357911586761475,0.00623216712847352,0.453125,CURVE60-FULL2-e2be8cd-20260821-192422-GPU01247-P60-GPU01247-seed20260820-attempt1
P,20260820,58,0.4603424072265625,-0.0047066849656403065,0.4609375,CURVE60-FULL2-e2be8cd-20260821-192422-GPU01247-P60-GPU01247-seed20260820-attempt1
P,20260820,59,0.6660302877426147,0.07416247576475143,0.55078125,CURVE60-FULL2-e2be8cd-20260821-192422-GPU01247-P60-GPU01247-seed20260820-attempt1
P,20260821,0,0.542849063873291,0.07081609219312668,0.5390625,CURVE60-FULL2-e2be8cd-20260821-192422-GPU01247-P60-GPU01247-seed20260821-attempt1
P,20260821,1,0.6791853904724121,0.021539637818932533,0.3671875,CURVE60-FULL2-e2be8cd-20260821-192422-GPU01247-P60-GPU01247-seed20260821-attempt1
P,20260821,2,0.7640843391418457,0.04014672711491585,0.30859375,CURVE60-FULL2-e2be8cd-20260821-192422-GPU01247-P60-GPU01247-seed20260821-attempt1
P,20260821,3,0.49195584654808044,0.012657441198825836,0.45703125,CURVE60-FULL2-e2be8cd-20260821-192422-GPU01247-P60-GPU01247-seed20260821-attempt1
P,20260821,4,0.3815258741378784,0.029535161331295967,0.30078125,CURVE60-FULL2-e2be8cd-20260821-192422-GPU01247-P60-GPU01247-seed20260821-attempt1
P,20260821,5,2.341214179992676,0.010124176740646362,0.36328125,CURVE60-FULL2-e2be8cd-20260821-192422-GPU01247-P60-GPU01247-seed20260821-attempt1
P,20260821,6,0.4376600980758667,0.000740355288144201,0.4140625,CURVE60-FULL2-e2be8cd-20260821-192422-GPU01247-P60-GPU01247-seed20260821-attempt1
P,20260821,7,0.4239976108074188,0.02683977782726288,0.29296875,CURVE60-FULL2-e2be8cd-20260821-192422-GPU01247-P60-GPU01247-seed20260821-attempt1
P,20260821,8,0.670343816280365,0.007297742646187544,0.32421875,CURVE60-FULL2-e2be8cd-20260821-192422-GPU01247-P60-GPU01247-seed20260821-attempt1
P,20260821,9,0.47186020016670227,0.022936346009373665,0.41796875,CURVE60-FULL2-e2be8cd-20260821-192422-GPU01247-P60-GPU01247-seed20260821-attempt1
P,20260821,10,0.3617851734161377,0.04730815812945366,0.30078125,CURVE60-FULL2-e2be8cd-20260821-192422-GPU01247-P60-GPU01247-seed20260821-attempt1
P,20260821,11,0.6505483388900757,0.03813141956925392,0.41015625,CURVE60-FULL2-e2be8cd-20260821-192422-GPU01247-P60-GPU01247-seed20260821-attempt1
P,20260821,12,0.6050664186477661,-0.006138836964964867,0.32421875,CURVE60-FULL2-e2be8cd-20260821-192422-GPU01247-P60-GPU01247-seed20260821-attempt1
P,20260821,13,0.5109145641326904,0.030564915388822556,0.39453125,CURVE60-FULL2-e2be8cd-20260821-192422-GPU01247-P60-GPU01247-seed20260821-attempt1
P,20260821,14,0.36869683861732483,0.02329658903181553,0.40234375,CURVE60-FULL2-e2be8cd-20260821-192422-GPU01247-P60-GPU01247-seed20260821-attempt1
P,20260821,15,0.5760318040847778,0.012799609452486038,0.5390625,CURVE60-FULL2-e2be8cd-20260821-192422-GPU01247-P60-GPU01247-seed20260821-attempt1
P,20260821,16,0.4580651521682739,0.011659612879157066,0.37890625,CURVE60-FULL2-e2be8cd-20260821-192422-GPU01247-P60-GPU01247-seed20260821-attempt1
P,20260821,17,1.4416046142578125,0.03976041078567505,0.4296875,CURVE60-FULL2-e2be8cd-20260821-192422-GPU01247-P60-GPU01247-seed20260821-attempt1
P,20260821,18,0.5084015130996704,0.021885337308049202,0.49609375,CURVE60-FULL2-e2be8cd-20260821-192422-GPU01247-P60-GPU01247-seed20260821-attempt1
P,20260821,19,0.5075274109840393,0.00792586151510477,0.34765625,CURVE60-FULL2-e2be8cd-20260821-192422-GPU01247-P60-GPU01247-seed20260821-attempt1
P,20260821,20,0.4057425558567047,-0.0020295940339565277,0.37109375,CURVE60-FULL2-e2be8cd-20260821-192422-GPU01247-P60-GPU01247-seed20260821-attempt1
P,20260821,21,0.4352564215660095,0.006013788748532534,0.2890625,CURVE60-FULL2-e2be8cd-20260821-192422-GPU01247-P60-GPU01247-seed20260821-attempt1
P,20260821,22,2.016056776046753,0.029212243854999542,0.30078125,CURVE60-FULL2-e2be8cd-20260821-192422-GPU01247-P60-GPU01247-seed20260821-attempt1
P,20260821,23,0.7400748133659363,-0.002463944023475051,0.3671875,CURVE60-FULL2-e2be8cd-20260821-192422-GPU01247-P60-GPU01247-seed20260821-attempt1
P,20260821,24,0.45657679438591003,0.02420785091817379,0.375,CURVE60-FULL2-e2be8cd-20260821-192422-GPU01247-P60-GPU01247-seed20260821-attempt1
P,20260821,25,1.2769743204116821,-0.0018713499885052443,0.46484375,CURVE60-FULL2-e2be8cd-20260821-192422-GPU01247-P60-GPU01247-seed20260821-attempt1
P,20260821,26,0.47465014457702637,0.03509533405303955,0.4296875,CURVE60-FULL2-e2be8cd-20260821-192422-GPU01247-P60-GPU01247-seed20260821-attempt1
P,20260821,27,0.5993865728378296,0.009234059602022171,0.47265625,CURVE60-FULL2-e2be8cd-20260821-192422-GPU01247-P60-GPU01247-seed20260821-attempt1
P,20260821,28,0.8077612519264221,0.02570389024913311,0.390625,CURVE60-FULL2-e2be8cd-20260821-192422-GPU01247-P60-GPU01247-seed20260821-attempt1
P,20260821,29,0.7091296911239624,0.026902640238404274,0.40625,CURVE60-FULL2-e2be8cd-20260821-192422-GPU01247-P60-GPU01247-seed20260821-attempt1
P,20260821,30,0.718970775604248,0.03025483340024948,0.38671875,CURVE60-FULL2-e2be8cd-20260821-192422-GPU01247-P60-GPU01247-seed20260821-attempt1
P,20260821,31,0.5548088550567627,0.0018792124465107918,0.3671875,CURVE60-FULL2-e2be8cd-20260821-192422-GPU01247-P60-GPU01247-seed20260821-attempt1
P,20260821,32,1.027103304862976,0.015584418550133705,0.421875,CURVE60-FULL2-e2be8cd-20260821-192422-GPU01247-P60-GPU01247-seed20260821-attempt1
P,20260821,33,0.40377897024154663,0.02502862736582756,0.3671875,CURVE60-FULL2-e2be8cd-20260821-192422-GPU01247-P60-GPU01247-seed20260821-attempt1
P,20260821,34,0.4635709226131439,0.029584309086203575,0.41015625,CURVE60-FULL2-e2be8cd-20260821-192422-GPU01247-P60-GPU01247-seed20260821-attempt1
P,20260821,35,0.6350378394126892,0.03182212635874748,0.4140625,CURVE60-FULL2-e2be8cd-20260821-192422-GPU01247-P60-GPU01247-seed20260821-attempt1
P,20260821,36,0.48563048243522644,0.003934268373996019,0.35546875,CURVE60-FULL2-e2be8cd-20260821-192422-GPU01247-P60-GPU01247-seed20260821-attempt1
P,20260821,37,0.5058283805847168,0.013471285812556744,0.42578125,CURVE60-FULL2-e2be8cd-20260821-192422-GPU01247-P60-GPU01247-seed20260821-attempt1
P,20260821,38,0.6575482487678528,0.0023517997469753027,0.4765625,CURVE60-FULL2-e2be8cd-20260821-192422-GPU01247-P60-GPU01247-seed20260821-attempt1
P,20260821,39,0.6097596287727356,0.05792448669672012,0.45703125,CURVE60-FULL2-e2be8cd-20260821-192422-GPU01247-P60-GPU01247-seed20260821-attempt1
P,20260821,40,0.7410473823547363,0.03208315744996071,0.4296875,CURVE60-FULL2-e2be8cd-20260821-192422-GPU01247-P60-GPU01247-seed20260821-attempt1
P,20260821,41,1.1734094619750977,0.016829295083880424,0.48046875,CURVE60-FULL2-e2be8cd-20260821-192422-GPU01247-P60-GPU01247-seed20260821-attempt1
P,20260821,42,0.7346073389053345,0.006652652285993099,0.47265625,CURVE60-FULL2-e2be8cd-20260821-192422-GPU01247-P60-GPU01247-seed20260821-attempt1
P,20260821,43,0.7220718264579773,0.044397901743650436,0.515625,CURVE60-FULL2-e2be8cd-20260821-192422-GPU01247-P60-GPU01247-seed20260821-attempt1
P,20260821,44,0.4284116327762604,0.0171937458217144,0.4921875,CURVE60-FULL2-e2be8cd-20260821-192422-GPU01247-P60-GPU01247-seed20260821-attempt1
P,20260821,45,0.411165714263916,0.03618477284908295,0.52734375,CURVE60-FULL2-e2be8cd-20260821-192422-GPU01247-P60-GPU01247-seed20260821-attempt1
P,20260821,46,0.8178867697715759,0.044231291860342026,0.5234375,CURVE60-FULL2-e2be8cd-20260821-192422-GPU01247-P60-GPU01247-seed20260821-attempt1
P,20260821,47,0.630424439907074,0.041698381304740906,0.4921875,CURVE60-FULL2-e2be8cd-20260821-192422-GPU01247-P60-GPU01247-seed20260821-attempt1
P,20260821,48,0.5621649622917175,0.02203206717967987,0.546875,CURVE60-FULL2-e2be8cd-20260821-192422-GPU01247-P60-GPU01247-seed20260821-attempt1
P,20260821,49,0.9083868265151978,0.022665638476610184,0.390625,CURVE60-FULL2-e2be8cd-20260821-192422-GPU01247-P60-GPU01247-seed20260821-attempt1
P,20260821,50,0.7409211993217468,0.019778717309236526,0.53125,CURVE60-FULL2-e2be8cd-20260821-192422-GPU01247-P60-GPU01247-seed20260821-attempt1
P,20260821,51,0.8304023146629333,-0.01449543610215187,0.53515625,CURVE60-FULL2-e2be8cd-20260821-192422-GPU01247-P60-GPU01247-seed20260821-attempt1
P,20260821,52,0.4170883297920227,0.03921380266547203,0.51171875,CURVE60-FULL2-e2be8cd-20260821-192422-GPU01247-P60-GPU01247-seed20260821-attempt1
P,20260821,53,0.7071717381477356,0.011490955017507076,0.5546875,CURVE60-FULL2-e2be8cd-20260821-192422-GPU01247-P60-GPU01247-seed20260821-attempt1
P,20260821,54,0.49606209993362427,-0.0032940071541815996,0.4765625,CURVE60-FULL2-e2be8cd-20260821-192422-GPU01247-P60-GPU01247-seed20260821-attempt1
P,20260821,55,0.4909534454345703,-0.02267632633447647,0.36328125,CURVE60-FULL2-e2be8cd-20260821-192422-GPU01247-P60-GPU01247-seed20260821-attempt1
P,20260821,56,0.4438689947128296,0.05684830993413925,0.54296875,CURVE60-FULL2-e2be8cd-20260821-192422-GPU01247-P60-GPU01247-seed20260821-attempt1
P,20260821,57,0.5533815622329712,0.022773247212171555,0.4453125,CURVE60-FULL2-e2be8cd-20260821-192422-GPU01247-P60-GPU01247-seed20260821-attempt1
P,20260821,58,1.0328209400177002,0.044366274029016495,0.5859375,CURVE60-FULL2-e2be8cd-20260821-192422-GPU01247-P60-GPU01247-seed20260821-attempt1
P,20260821,59,0.6136862635612488,0.035057056695222855,0.4765625,CURVE60-FULL2-e2be8cd-20260821-192422-GPU01247-P60-GPU01247-seed20260821-attempt1
P+R,20260820,0,1.6020396947860718,0.019359158352017403,0.36328125,CURVE60-BR-e2be8cd-20260821-1120-GPU01247-R60-GPU01247-seed20260820-attempt1
P+R,20260820,1,0.3202296197414398,0.018590426072478294,0.41796875,CURVE60-BR-e2be8cd-20260821-1120-GPU01247-R60-GPU01247-seed20260820-attempt1
P+R,20260820,2,0.9328305125236511,0.015371767804026604,0.44140625,CURVE60-BR-e2be8cd-20260821-1120-GPU01247-R60-GPU01247-seed20260820-attempt1
P+R,20260820,3,0.3769538700580597,0.0384187251329422,0.3046875,CURVE60-BR-e2be8cd-20260821-1120-GPU01247-R60-GPU01247-seed20260820-attempt1
P+R,20260820,4,0.710905909538269,-0.008903799578547478,0.39453125,CURVE60-BR-e2be8cd-20260821-1120-GPU01247-R60-GPU01247-seed20260820-attempt1
P+R,20260820,5,0.7881283760070801,0.019361641258001328,0.34765625,CURVE60-BR-e2be8cd-20260821-1120-GPU01247-R60-GPU01247-seed20260820-attempt1
P+R,20260820,6,0.5051730275154114,0.012090587057173252,0.33984375,CURVE60-BR-e2be8cd-20260821-1120-GPU01247-R60-GPU01247-seed20260820-attempt1
P+R,20260820,7,0.9823589324951172,0.025339648127555847,0.51953125,CURVE60-BR-e2be8cd-20260821-1120-GPU01247-R60-GPU01247-seed20260820-attempt1
P+R,20260820,8,0.32961222529411316,0.025784600526094437,0.37890625,CURVE60-BR-e2be8cd-20260821-1120-GPU01247-R60-GPU01247-seed20260820-attempt1
P+R,20260820,9,0.3496435880661011,0.02480597048997879,0.4609375,CURVE60-BR-e2be8cd-20260821-1120-GPU01247-R60-GPU01247-seed20260820-attempt1
P+R,20260820,10,1.3411509990692139,0.01892797090113163,0.33984375,CURVE60-BR-e2be8cd-20260821-1120-GPU01247-R60-GPU01247-seed20260820-attempt1
P+R,20260820,11,0.5790567398071289,0.059724077582359314,0.40234375,CURVE60-BR-e2be8cd-20260821-1120-GPU01247-R60-GPU01247-seed20260820-attempt1
P+R,20260820,12,0.45804235339164734,0.014213037677109241,0.41796875,CURVE60-BR-e2be8cd-20260821-1120-GPU01247-R60-GPU01247-seed20260820-attempt1
P+R,20260820,13,0.6065520644187927,-0.004014200530946255,0.40234375,CURVE60-BR-e2be8cd-20260821-1120-GPU01247-R60-GPU01247-seed20260820-attempt1
P+R,20260820,14,1.4361752271652222,0.016829609870910645,0.41015625,CURVE60-BR-e2be8cd-20260821-1120-GPU01247-R60-GPU01247-seed20260820-attempt1
P+R,20260820,15,0.6782554984092712,0.023297138512134552,0.296875,CURVE60-BR-e2be8cd-20260821-1120-GPU01247-R60-GPU01247-seed20260820-attempt1
P+R,20260820,16,0.7397007346153259,0.02762778475880623,0.43359375,CURVE60-BR-e2be8cd-20260821-1120-GPU01247-R60-GPU01247-seed20260820-attempt1
P+R,20260820,17,0.6880701184272766,-0.005085908807814121,0.48828125,CURVE60-BR-e2be8cd-20260821-1120-GPU01247-R60-GPU01247-seed20260820-attempt1
P+R,20260820,18,0.5827783942222595,0.00748491333797574,0.3828125,CURVE60-BR-e2be8cd-20260821-1120-GPU01247-R60-GPU01247-seed20260820-attempt1
P+R,20260820,19,0.8026235699653625,0.015411126427352428,0.453125,CURVE60-BR-e2be8cd-20260821-1120-GPU01247-R60-GPU01247-seed20260820-attempt1
P+R,20260820,20,0.613621711730957,0.014425515197217464,0.41015625,CURVE60-BR-e2be8cd-20260821-1120-GPU01247-R60-GPU01247-seed20260820-attempt1
P+R,20260820,21,0.5102530121803284,0.012433841824531555,0.40625,CURVE60-BR-e2be8cd-20260821-1120-GPU01247-R60-GPU01247-seed20260820-attempt1
P+R,20260820,22,0.56264328956604,0.027941115200519562,0.5234375,CURVE60-BR-e2be8cd-20260821-1120-GPU01247-R60-GPU01247-seed20260820-attempt1
P+R,20260820,23,0.43448036909103394,0.003381201531738043,0.328125,CURVE60-BR-e2be8cd-20260821-1120-GPU01247-R60-GPU01247-seed20260820-attempt1
P+R,20260820,24,0.4981030523777008,0.03558622673153877,0.42578125,CURVE60-BR-e2be8cd-20260821-1120-GPU01247-R60-GPU01247-seed20260820-attempt1
P+R,20260820,25,0.9634538888931274,0.03751145303249359,0.40234375,CURVE60-BR-e2be8cd-20260821-1120-GPU01247-R60-GPU01247-seed20260820-attempt1
P+R,20260820,26,0.4559021294116974,-0.01136876828968525,0.40234375,CURVE60-BR-e2be8cd-20260821-1120-GPU01247-R60-GPU01247-seed20260820-attempt1
P+R,20260820,27,0.5837332010269165,0.015530896373093128,0.4140625,CURVE60-BR-e2be8cd-20260821-1120-GPU01247-R60-GPU01247-seed20260820-attempt1
P+R,20260820,28,0.683003306388855,0.01199154369533062,0.33203125,CURVE60-BR-e2be8cd-20260821-1120-GPU01247-R60-GPU01247-seed20260820-attempt1
P+R,20260820,29,0.5898486971855164,0.009516851045191288,0.43359375,CURVE60-BR-e2be8cd-20260821-1120-GPU01247-R60-GPU01247-seed20260820-attempt1
P+R,20260820,30,1.4310988187789917,0.007164668291807175,0.37890625,CURVE60-BR-e2be8cd-20260821-1120-GPU01247-R60-GPU01247-seed20260820-attempt1
P+R,20260820,31,0.9688497185707092,0.014497962780296803,0.41796875,CURVE60-BR-e2be8cd-20260821-1120-GPU01247-R60-GPU01247-seed20260820-attempt1
P+R,20260820,32,0.9693472385406494,0.040680181235075,0.37890625,CURVE60-BR-e2be8cd-20260821-1120-GPU01247-R60-GPU01247-seed20260820-attempt1
P+R,20260820,33,0.6667705178260803,0.043188512325286865,0.4296875,CURVE60-BR-e2be8cd-20260821-1120-GPU01247-R60-GPU01247-seed20260820-attempt1
P+R,20260820,34,0.519997239112854,-0.048572245985269547,0.41796875,CURVE60-BR-e2be8cd-20260821-1120-GPU01247-R60-GPU01247-seed20260820-attempt1
P+R,20260820,35,0.5711552500724792,0.029774408787488937,0.4296875,CURVE60-BR-e2be8cd-20260821-1120-GPU01247-R60-GPU01247-seed20260820-attempt1
P+R,20260820,36,0.8739234805107117,0.05470186844468117,0.47265625,CURVE60-BR-e2be8cd-20260821-1120-GPU01247-R60-GPU01247-seed20260820-attempt1
P+R,20260820,37,0.6507072448730469,0.05453307926654816,0.47265625,CURVE60-BR-e2be8cd-20260821-1120-GPU01247-R60-GPU01247-seed20260820-attempt1
P+R,20260820,38,0.5712665319442749,0.0446401871740818,0.4765625,CURVE60-BR-e2be8cd-20260821-1120-GPU01247-R60-GPU01247-seed20260820-attempt1
P+R,20260820,39,2.6974096298217773,0.01937091536819935,0.43359375,CURVE60-BR-e2be8cd-20260821-1120-GPU01247-R60-GPU01247-seed20260820-attempt1
P+R,20260820,40,0.4688780903816223,0.01795770227909088,0.33203125,CURVE60-BR-e2be8cd-20260821-1120-GPU01247-R60-GPU01247-seed20260820-attempt1
P+R,20260820,41,0.2913089692592621,0.02152992971241474,0.4375,CURVE60-BR-e2be8cd-20260821-1120-GPU01247-R60-GPU01247-seed20260820-attempt1
P+R,20260820,42,1.0157957077026367,0.025225264951586723,0.46875,CURVE60-BR-e2be8cd-20260821-1120-GPU01247-R60-GPU01247-seed20260820-attempt1
P+R,20260820,43,0.7258052825927734,0.05207359045743942,0.47265625,CURVE60-BR-e2be8cd-20260821-1120-GPU01247-R60-GPU01247-seed20260820-attempt1
P+R,20260820,44,0.7165904641151428,0.04193359613418579,0.55859375,CURVE60-BR-e2be8cd-20260821-1120-GPU01247-R60-GPU01247-seed20260820-attempt1
P+R,20260820,45,0.829770565032959,0.040480099618434906,0.47265625,CURVE60-BR-e2be8cd-20260821-1120-GPU01247-R60-GPU01247-seed20260820-attempt1
P+R,20260820,46,2.2935452461242676,0.06468852609395981,0.52734375,CURVE60-BR-e2be8cd-20260821-1120-GPU01247-R60-GPU01247-seed20260820-attempt1
P+R,20260820,47,3.0623481273651123,0.07134805619716644,0.42578125,CURVE60-BR-e2be8cd-20260821-1120-GPU01247-R60-GPU01247-seed20260820-attempt1
P+R,20260820,48,0.6316039562225342,0.033282581716775894,0.46484375,CURVE60-BR-e2be8cd-20260821-1120-GPU01247-R60-GPU01247-seed20260820-attempt1
P+R,20260820,49,0.807361364364624,-0.005717621650546789,0.47265625,CURVE60-BR-e2be8cd-20260821-1120-GPU01247-R60-GPU01247-seed20260820-attempt1
P+R,20260820,50,0.5546932816505432,0.012033848091959953,0.453125,CURVE60-BR-e2be8cd-20260821-1120-GPU01247-R60-GPU01247-seed20260820-attempt1
P+R,20260820,51,2.3528189659118652,0.011997295543551445,0.34765625,CURVE60-BR-e2be8cd-20260821-1120-GPU01247-R60-GPU01247-seed20260820-attempt1
P+R,20260820,52,1.0014599561691284,0.05476092919707298,0.55078125,CURVE60-BR-e2be8cd-20260821-1120-GPU01247-R60-GPU01247-seed20260820-attempt1
P+R,20260820,53,1.585639238357544,-0.012391004711389542,0.38671875,CURVE60-BR-e2be8cd-20260821-1120-GPU01247-R60-GPU01247-seed20260820-attempt1
P+R,20260820,54,0.429008424282074,0.08938974887132645,0.52734375,CURVE60-BR-e2be8cd-20260821-1120-GPU01247-R60-GPU01247-seed20260820-attempt1
P+R,20260820,55,0.8263725638389587,0.027028502896428108,0.46484375,CURVE60-BR-e2be8cd-20260821-1120-GPU01247-R60-GPU01247-seed20260820-attempt1
P+R,20260820,56,0.6395140290260315,0.055057425051927567,0.64453125,CURVE60-BR-e2be8cd-20260821-1120-GPU01247-R60-GPU01247-seed20260820-attempt1
P+R,20260820,57,0.5085725784301758,-0.011449596844613552,0.46875,CURVE60-BR-e2be8cd-20260821-1120-GPU01247-R60-GPU01247-seed20260820-attempt1
P+R,20260820,58,0.5649107098579407,0.0075753522105515,0.4453125,CURVE60-BR-e2be8cd-20260821-1120-GPU01247-R60-GPU01247-seed20260820-attempt1
P+R,20260820,59,0.6745134592056274,0.04658723622560501,0.56640625,CURVE60-BR-e2be8cd-20260821-1120-GPU01247-R60-GPU01247-seed20260820-attempt1
P+R,20260821,0,0.5422410368919373,0.07081609219312668,0.5390625,CURVE60-FULL2-e2be8cd-20260821-192422-GPU01247-R60-GPU01247-seed20260821-attempt1
P+R,20260821,1,0.6402391791343689,0.02150663547217846,0.3671875,CURVE60-FULL2-e2be8cd-20260821-192422-GPU01247-R60-GPU01247-seed20260821-attempt1
P+R,20260821,2,0.45081275701522827,0.0031701575499027967,0.47265625,CURVE60-FULL2-e2be8cd-20260821-192422-GPU01247-R60-GPU01247-seed20260821-attempt1
P+R,20260821,3,0.437127947807312,0.035555072128772736,0.34375,CURVE60-FULL2-e2be8cd-20260821-192422-GPU01247-R60-GPU01247-seed20260821-attempt1
P+R,20260821,4,0.36241546273231506,0.015571477822959423,0.33984375,CURVE60-FULL2-e2be8cd-20260821-192422-GPU01247-R60-GPU01247-seed20260821-attempt1
P+R,20260821,5,0.4504964351654053,0.03167391195893288,0.4296875,CURVE60-FULL2-e2be8cd-20260821-192422-GPU01247-R60-GPU01247-seed20260821-attempt1
P+R,20260821,6,0.6031869053840637,0.006128429435193539,0.43359375,CURVE60-FULL2-e2be8cd-20260821-192422-GPU01247-R60-GPU01247-seed20260821-attempt1
P+R,20260821,7,0.6917119026184082,0.01997230388224125,0.1796875,CURVE60-FULL2-e2be8cd-20260821-192422-GPU01247-R60-GPU01247-seed20260821-attempt1
P+R,20260821,8,0.3848758041858673,0.021463122218847275,0.29296875,CURVE60-FULL2-e2be8cd-20260821-192422-GPU01247-R60-GPU01247-seed20260821-attempt1
P+R,20260821,9,0.5394641757011414,0.009776297025382519,0.45703125,CURVE60-FULL2-e2be8cd-20260821-192422-GPU01247-R60-GPU01247-seed20260821-attempt1
P+R,20260821,10,0.6918821930885315,0.05219627916812897,0.2890625,CURVE60-FULL2-e2be8cd-20260821-192422-GPU01247-R60-GPU01247-seed20260821-attempt1
P+R,20260821,11,0.3184935450553894,0.012584288604557514,0.421875,CURVE60-FULL2-e2be8cd-20260821-192422-GPU01247-R60-GPU01247-seed20260821-attempt1
P+R,20260821,12,0.4969240725040436,0.009133972227573395,0.34765625,CURVE60-FULL2-e2be8cd-20260821-192422-GPU01247-R60-GPU01247-seed20260821-attempt1
P+R,20260821,13,1.3854058980941772,0.02939409576356411,0.41796875,CURVE60-FULL2-e2be8cd-20260821-192422-GPU01247-R60-GPU01247-seed20260821-attempt1
P+R,20260821,14,0.330068439245224,0.03681720420718193,0.35546875,CURVE60-FULL2-e2be8cd-20260821-192422-GPU01247-R60-GPU01247-seed20260821-attempt1
P+R,20260821,15,0.5276409387588501,0.005558361299335957,0.5625,CURVE60-FULL2-e2be8cd-20260821-192422-GPU01247-R60-GPU01247-seed20260821-attempt1
P+R,20260821,16,0.3823339343070984,0.005725308321416378,0.34375,CURVE60-FULL2-e2be8cd-20260821-192422-GPU01247-R60-GPU01247-seed20260821-attempt1
P+R,20260821,17,0.5535902380943298,-0.013580630533397198,0.4453125,CURVE60-FULL2-e2be8cd-20260821-192422-GPU01247-R60-GPU01247-seed20260821-attempt1
P+R,20260821,18,0.6093427538871765,0.020935628563165665,0.55078125,CURVE60-FULL2-e2be8cd-20260821-192422-GPU01247-R60-GPU01247-seed20260821-attempt1
P+R,20260821,19,1.2094485759735107,0.005908340215682983,0.37890625,CURVE60-FULL2-e2be8cd-20260821-192422-GPU01247-R60-GPU01247-seed20260821-attempt1
P+R,20260821,20,0.44938838481903076,-0.016158560290932655,0.40625,CURVE60-FULL2-e2be8cd-20260821-192422-GPU01247-R60-GPU01247-seed20260821-attempt1
P+R,20260821,21,0.4163128733634949,0.008455608040094376,0.296875,CURVE60-FULL2-e2be8cd-20260821-192422-GPU01247-R60-GPU01247-seed20260821-attempt1
P+R,20260821,22,0.4235870838165283,0.025515878573060036,0.28515625,CURVE60-FULL2-e2be8cd-20260821-192422-GPU01247-R60-GPU01247-seed20260821-attempt1
P+R,20260821,23,0.8517175316810608,0.031103255227208138,0.39453125,CURVE60-FULL2-e2be8cd-20260821-192422-GPU01247-R60-GPU01247-seed20260821-attempt1
P+R,20260821,24,0.6334888935089111,0.06741101294755936,0.3984375,CURVE60-FULL2-e2be8cd-20260821-192422-GPU01247-R60-GPU01247-seed20260821-attempt1
P+R,20260821,25,1.0957149267196655,0.04427327588200569,0.46875,CURVE60-FULL2-e2be8cd-20260821-192422-GPU01247-R60-GPU01247-seed20260821-attempt1
P+R,20260821,26,0.42425891757011414,0.0457894466817379,0.40625,CURVE60-FULL2-e2be8cd-20260821-192422-GPU01247-R60-GPU01247-seed20260821-attempt1
P+R,20260821,27,0.8051559925079346,0.0064417775720357895,0.46875,CURVE60-FULL2-e2be8cd-20260821-192422-GPU01247-R60-GPU01247-seed20260821-attempt1
P+R,20260821,28,0.6011252999305725,0.021376939490437508,0.40625,CURVE60-FULL2-e2be8cd-20260821-192422-GPU01247-R60-GPU01247-seed20260821-attempt1
P+R,20260821,29,0.7507488131523132,0.030173905193805695,0.46484375,CURVE60-FULL2-e2be8cd-20260821-192422-GPU01247-R60-GPU01247-seed20260821-attempt1
P+R,20260821,30,0.4387044906616211,0.0435493141412735,0.390625,CURVE60-FULL2-e2be8cd-20260821-192422-GPU01247-R60-GPU01247-seed20260821-attempt1
P+R,20260821,31,6.170009136199951,-0.0036106412298977375,0.39453125,CURVE60-FULL2-e2be8cd-20260821-192422-GPU01247-R60-GPU01247-seed20260821-attempt1
P+R,20260821,32,0.6431806087493896,0.0032594907097518444,0.4296875,CURVE60-FULL2-e2be8cd-20260821-192422-GPU01247-R60-GPU01247-seed20260821-attempt1
P+R,20260821,33,0.5293553471565247,0.019405340775847435,0.36328125,CURVE60-FULL2-e2be8cd-20260821-192422-GPU01247-R60-GPU01247-seed20260821-attempt1
P+R,20260821,34,0.8042870163917542,0.014919042587280273,0.453125,CURVE60-FULL2-e2be8cd-20260821-192422-GPU01247-R60-GPU01247-seed20260821-attempt1
P+R,20260821,35,1.146112322807312,0.006359218619763851,0.453125,CURVE60-FULL2-e2be8cd-20260821-192422-GPU01247-R60-GPU01247-seed20260821-attempt1
P+R,20260821,36,0.7808462381362915,0.028133848682045937,0.34765625,CURVE60-FULL2-e2be8cd-20260821-192422-GPU01247-R60-GPU01247-seed20260821-attempt1
P+R,20260821,37,0.577987015247345,-0.0025919147301465273,0.44140625,CURVE60-FULL2-e2be8cd-20260821-192422-GPU01247-R60-GPU01247-seed20260821-attempt1
P+R,20260821,38,0.5822150111198425,0.004305336158722639,0.4453125,CURVE60-FULL2-e2be8cd-20260821-192422-GPU01247-R60-GPU01247-seed20260821-attempt1
P+R,20260821,39,0.571252703666687,0.025747446343302727,0.4921875,CURVE60-FULL2-e2be8cd-20260821-192422-GPU01247-R60-GPU01247-seed20260821-attempt1
P+R,20260821,40,0.5801379084587097,-0.010856074281036854,0.45703125,CURVE60-FULL2-e2be8cd-20260821-192422-GPU01247-R60-GPU01247-seed20260821-attempt1
P+R,20260821,41,0.8038443922996521,0.049764979630708694,0.59765625,CURVE60-FULL2-e2be8cd-20260821-192422-GPU01247-R60-GPU01247-seed20260821-attempt1
P+R,20260821,42,0.5162091851234436,0.03322402760386467,0.48046875,CURVE60-FULL2-e2be8cd-20260821-192422-GPU01247-R60-GPU01247-seed20260821-attempt1
P+R,20260821,43,0.7691713571548462,0.025874126702547073,0.53515625,CURVE60-FULL2-e2be8cd-20260821-192422-GPU01247-R60-GPU01247-seed20260821-attempt1
P+R,20260821,44,1.0273665189743042,0.01049722544848919,0.5,CURVE60-FULL2-e2be8cd-20260821-192422-GPU01247-R60-GPU01247-seed20260821-attempt1
P+R,20260821,45,0.6182026267051697,0.04472662881016731,0.55859375,CURVE60-FULL2-e2be8cd-20260821-192422-GPU01247-R60-GPU01247-seed20260821-attempt1
P+R,20260821,46,0.6284849643707275,0.06647143512964249,0.48046875,CURVE60-FULL2-e2be8cd-20260821-192422-GPU01247-R60-GPU01247-seed20260821-attempt1
P+R,20260821,47,0.5452733039855957,0.0008168928907252848,0.53515625,CURVE60-FULL2-e2be8cd-20260821-192422-GPU01247-R60-GPU01247-seed20260821-attempt1
P+R,20260821,48,0.41011202335357666,0.00767553923651576,0.50390625,CURVE60-FULL2-e2be8cd-20260821-192422-GPU01247-R60-GPU01247-seed20260821-attempt1
P+R,20260821,49,0.9563872218132019,0.007750286720693111,0.35546875,CURVE60-FULL2-e2be8cd-20260821-192422-GPU01247-R60-GPU01247-seed20260821-attempt1
P+R,20260821,50,1.1061657667160034,0.03510311618447304,0.4921875,CURVE60-FULL2-e2be8cd-20260821-192422-GPU01247-R60-GPU01247-seed20260821-attempt1
P+R,20260821,51,0.7160224914550781,0.01730675809085369,0.55859375,CURVE60-FULL2-e2be8cd-20260821-192422-GPU01247-R60-GPU01247-seed20260821-attempt1
P+R,20260821,52,0.43483978509902954,0.0009913499234244227,0.52734375,CURVE60-FULL2-e2be8cd-20260821-192422-GPU01247-R60-GPU01247-seed20260821-attempt1
P+R,20260821,53,0.5059098601341248,0.017513789236545563,0.59375,CURVE60-FULL2-e2be8cd-20260821-192422-GPU01247-R60-GPU01247-seed20260821-attempt1
P+R,20260821,54,0.46183618903160095,0.012322993017733097,0.4375,CURVE60-FULL2-e2be8cd-20260821-192422-GPU01247-R60-GPU01247-seed20260821-attempt1
P+R,20260821,55,0.3812178373336792,-0.010990629903972149,0.37890625,CURVE60-FULL2-e2be8cd-20260821-192422-GPU01247-R60-GPU01247-seed20260821-attempt1
P+R,20260821,56,0.41567862033843994,0.03184407576918602,0.4921875,CURVE60-FULL2-e2be8cd-20260821-192422-GPU01247-R60-GPU01247-seed20260821-attempt1
P+R,20260821,57,0.5756888389587402,0.026376724243164062,0.453125,CURVE60-FULL2-e2be8cd-20260821-192422-GPU01247-R60-GPU01247-seed20260821-attempt1
P+R,20260821,58,0.9867358803749084,0.03995873034000397,0.6015625,CURVE60-FULL2-e2be8cd-20260821-192422-GPU01247-R60-GPU01247-seed20260821-attempt1
P+R,20260821,59,0.5663939118385315,0.0526813343167305,0.4921875,CURVE60-FULL2-e2be8cd-20260821-192422-GPU01247-R60-GPU01247-seed20260821-attempt1
P+S,20260820,0,1.5183550119400024,0.019330089911818504,0.36328125,CURVE60-FULL2-e2be8cd-20260821-192422-GPU01247-S60-GPU01247-seed20260820-attempt2
P+S,20260820,1,0.3316113352775574,0.01853179931640625,0.41796875,CURVE60-FULL2-e2be8cd-20260821-192422-GPU01247-S60-GPU01247-seed20260820-attempt2
P+S,20260820,2,1.1190674304962158,0.011749094352126122,0.3828125,CURVE60-FULL2-e2be8cd-20260821-192422-GPU01247-S60-GPU01247-seed20260820-attempt2
P+S,20260820,3,0.6525117754936218,0.02324078418314457,0.38671875,CURVE60-FULL2-e2be8cd-20260821-192422-GPU01247-S60-GPU01247-seed20260820-attempt2
P+S,20260820,4,0.7990203499794006,0.02636127546429634,0.43359375,CURVE60-FULL2-e2be8cd-20260821-192422-GPU01247-S60-GPU01247-seed20260820-attempt2
P+S,20260820,5,0.440999299287796,0.003300661686807871,0.3046875,CURVE60-FULL2-e2be8cd-20260821-192422-GPU01247-S60-GPU01247-seed20260820-attempt2
P+S,20260820,6,0.4506199359893799,0.007392444647848606,0.359375,CURVE60-FULL2-e2be8cd-20260821-192422-GPU01247-S60-GPU01247-seed20260820-attempt2
P+S,20260820,7,0.9035489559173584,0.03567003086209297,0.54296875,CURVE60-FULL2-e2be8cd-20260821-192422-GPU01247-S60-GPU01247-seed20260820-attempt2
P+S,20260820,8,0.4356318414211273,0.03312317654490471,0.37109375,CURVE60-FULL2-e2be8cd-20260821-192422-GPU01247-S60-GPU01247-seed20260820-attempt2
P+S,20260820,9,0.3650115132331848,0.042767371982336044,0.45703125,CURVE60-FULL2-e2be8cd-20260821-192422-GPU01247-S60-GPU01247-seed20260820-attempt2
P+S,20260820,10,0.5578550100326538,-0.004918951075524092,0.34765625,CURVE60-FULL2-e2be8cd-20260821-192422-GPU01247-S60-GPU01247-seed20260820-attempt2
P+S,20260820,11,0.4261088967323303,0.01941930316388607,0.40625,CURVE60-FULL2-e2be8cd-20260821-192422-GPU01247-S60-GPU01247-seed20260820-attempt2
P+S,20260820,12,0.5190919637680054,0.007632596418261528,0.43359375,CURVE60-FULL2-e2be8cd-20260821-192422-GPU01247-S60-GPU01247-seed20260820-attempt2
P+S,20260820,13,0.5414268970489502,-0.002545428927987814,0.4453125,CURVE60-FULL2-e2be8cd-20260821-192422-GPU01247-S60-GPU01247-seed20260820-attempt2
P+S,20260820,14,0.4284568428993225,-0.002285977127030492,0.421875,CURVE60-FULL2-e2be8cd-20260821-192422-GPU01247-S60-GPU01247-seed20260820-attempt2
P+S,20260820,15,0.4119345545768738,-0.0015213015722110868,0.28125,CURVE60-FULL2-e2be8cd-20260821-192422-GPU01247-S60-GPU01247-seed20260820-attempt2
P+S,20260820,16,0.5955972075462341,0.05256142094731331,0.44921875,CURVE60-FULL2-e2be8cd-20260821-192422-GPU01247-S60-GPU01247-seed20260820-attempt2
P+S,20260820,17,0.6045539975166321,0.012840681709349155,0.5,CURVE60-FULL2-e2be8cd-20260821-192422-GPU01247-S60-GPU01247-seed20260820-attempt2
P+S,20260820,18,0.5113381743431091,-0.02093016542494297,0.39453125,CURVE60-FULL2-e2be8cd-20260821-192422-GPU01247-S60-GPU01247-seed20260820-attempt2
P+S,20260820,19,0.42792192101478577,0.02772894874215126,0.453125,CURVE60-FULL2-e2be8cd-20260821-192422-GPU01247-S60-GPU01247-seed20260820-attempt2
P+S,20260820,20,0.6399762034416199,0.04245280474424362,0.4140625,CURVE60-FULL2-e2be8cd-20260821-192422-GPU01247-S60-GPU01247-seed20260820-attempt2
P+S,20260820,21,0.6626028418540955,0.012813650071620941,0.40234375,CURVE60-FULL2-e2be8cd-20260821-192422-GPU01247-S60-GPU01247-seed20260820-attempt2
P+S,20260820,22,0.42108696699142456,0.010634005069732666,0.51171875,CURVE60-FULL2-e2be8cd-20260821-192422-GPU01247-S60-GPU01247-seed20260820-attempt2
P+S,20260820,23,0.6540994644165039,-0.013758021406829357,0.296875,CURVE60-FULL2-e2be8cd-20260821-192422-GPU01247-S60-GPU01247-seed20260820-attempt2
P+S,20260820,24,0.7698681950569153,0.015531213954091072,0.45703125,CURVE60-FULL2-e2be8cd-20260821-192422-GPU01247-S60-GPU01247-seed20260820-attempt2
P+S,20260820,25,0.5844405889511108,0.007277681492269039,0.41015625,CURVE60-FULL2-e2be8cd-20260821-192422-GPU01247-S60-GPU01247-seed20260820-attempt2
P+S,20260820,26,0.5610706210136414,0.06208038330078125,0.390625,CURVE60-FULL2-e2be8cd-20260821-192422-GPU01247-S60-GPU01247-seed20260820-attempt2
P+S,20260820,27,0.5478011965751648,0.025149965658783913,0.38671875,CURVE60-FULL2-e2be8cd-20260821-192422-GPU01247-S60-GPU01247-seed20260820-attempt2
P+S,20260820,28,0.9550146460533142,0.03533421456813812,0.3984375,CURVE60-FULL2-e2be8cd-20260821-192422-GPU01247-S60-GPU01247-seed20260820-attempt2
P+S,20260820,29,0.44722211360931396,0.0004163612029515207,0.421875,CURVE60-FULL2-e2be8cd-20260821-192422-GPU01247-S60-GPU01247-seed20260820-attempt2
P+S,20260820,30,0.753389835357666,0.005152459722012281,0.37890625,CURVE60-FULL2-e2be8cd-20260821-192422-GPU01247-S60-GPU01247-seed20260820-attempt2
P+S,20260820,31,0.9785471558570862,0.013598221354186535,0.4453125,CURVE60-FULL2-e2be8cd-20260821-192422-GPU01247-S60-GPU01247-seed20260820-attempt2
P+S,20260820,32,0.8051036596298218,0.020981289446353912,0.37890625,CURVE60-FULL2-e2be8cd-20260821-192422-GPU01247-S60-GPU01247-seed20260820-attempt2
P+S,20260820,33,0.6947234869003296,0.04475664719939232,0.4765625,CURVE60-FULL2-e2be8cd-20260821-192422-GPU01247-S60-GPU01247-seed20260820-attempt2
P+S,20260820,34,0.5432586669921875,0.006971715483814478,0.35546875,CURVE60-FULL2-e2be8cd-20260821-192422-GPU01247-S60-GPU01247-seed20260820-attempt2
P+S,20260820,35,0.4546573758125305,0.06972899287939072,0.3671875,CURVE60-FULL2-e2be8cd-20260821-192422-GPU01247-S60-GPU01247-seed20260820-attempt2
P+S,20260820,36,0.6952694058418274,0.03899318724870682,0.46484375,CURVE60-FULL2-e2be8cd-20260821-192422-GPU01247-S60-GPU01247-seed20260820-attempt2
P+S,20260820,37,0.4104195535182953,0.027894407510757446,0.4453125,CURVE60-FULL2-e2be8cd-20260821-192422-GPU01247-S60-GPU01247-seed20260820-attempt2
P+S,20260820,38,0.5298770666122437,0.0432622991502285,0.4375,CURVE60-FULL2-e2be8cd-20260821-192422-GPU01247-S60-GPU01247-seed20260820-attempt2
P+S,20260820,39,0.6718391180038452,0.03659942001104355,0.40234375,CURVE60-FULL2-e2be8cd-20260821-192422-GPU01247-S60-GPU01247-seed20260820-attempt2
P+S,20260820,40,0.564244270324707,0.0029920502565801144,0.3046875,CURVE60-FULL2-e2be8cd-20260821-192422-GPU01247-S60-GPU01247-seed20260820-attempt2
P+S,20260820,41,0.3315775990486145,0.003934158943593502,0.4140625,CURVE60-FULL2-e2be8cd-20260821-192422-GPU01247-S60-GPU01247-seed20260820-attempt2
P+S,20260820,42,1.1887757778167725,0.030286993831396103,0.46484375,CURVE60-FULL2-e2be8cd-20260821-192422-GPU01247-S60-GPU01247-seed20260820-attempt2
P+S,20260820,43,0.48814117908477783,0.01712440699338913,0.4140625,CURVE60-FULL2-e2be8cd-20260821-192422-GPU01247-S60-GPU01247-seed20260820-attempt2
P+S,20260820,44,1.9913811683654785,0.03631070628762245,0.5078125,CURVE60-FULL2-e2be8cd-20260821-192422-GPU01247-S60-GPU01247-seed20260820-attempt2
P+S,20260820,45,0.617309033870697,0.020589973777532578,0.43359375,CURVE60-FULL2-e2be8cd-20260821-192422-GPU01247-S60-GPU01247-seed20260820-attempt2
P+S,20260820,46,0.44330090284347534,0.0007547847926616669,0.4375,CURVE60-FULL2-e2be8cd-20260821-192422-GPU01247-S60-GPU01247-seed20260820-attempt2
P+S,20260820,47,0.6023415327072144,0.009302559308707714,0.375,CURVE60-FULL2-e2be8cd-20260821-192422-GPU01247-S60-GPU01247-seed20260820-attempt2
P+S,20260820,48,0.5472697019577026,0.05576653406023979,0.453125,CURVE60-FULL2-e2be8cd-20260821-192422-GPU01247-S60-GPU01247-seed20260820-attempt2
P+S,20260820,49,1.2265230417251587,0.02027047984302044,0.58203125,CURVE60-FULL2-e2be8cd-20260821-192422-GPU01247-S60-GPU01247-seed20260820-attempt2
P+S,20260820,50,0.4448254108428955,-0.008009620010852814,0.40234375,CURVE60-FULL2-e2be8cd-20260821-192422-GPU01247-S60-GPU01247-seed20260820-attempt2
P+S,20260820,51,1.1268986463546753,0.007039669435471296,0.30859375,CURVE60-FULL2-e2be8cd-20260821-192422-GPU01247-S60-GPU01247-seed20260820-attempt2
P+S,20260820,52,1.1725808382034302,0.08379525691270828,0.4375,CURVE60-FULL2-e2be8cd-20260821-192422-GPU01247-S60-GPU01247-seed20260820-attempt2
P+S,20260820,53,1.1069835424423218,0.004322521388530731,0.43359375,CURVE60-FULL2-e2be8cd-20260821-192422-GPU01247-S60-GPU01247-seed20260820-attempt2
P+S,20260820,54,0.46159493923187256,0.0748942568898201,0.51171875,CURVE60-FULL2-e2be8cd-20260821-192422-GPU01247-S60-GPU01247-seed20260820-attempt2
P+S,20260820,55,0.48897528648376465,0.018165715038776398,0.45703125,CURVE60-FULL2-e2be8cd-20260821-192422-GPU01247-S60-GPU01247-seed20260820-attempt2
P+S,20260820,56,0.8973316550254822,0.047399867326021194,0.66015625,CURVE60-FULL2-e2be8cd-20260821-192422-GPU01247-S60-GPU01247-seed20260820-attempt2
P+S,20260820,57,0.6635770201683044,0.0573192797601223,0.484375,CURVE60-FULL2-e2be8cd-20260821-192422-GPU01247-S60-GPU01247-seed20260820-attempt2
P+S,20260820,58,0.4196542203426361,0.022419778630137444,0.44140625,CURVE60-FULL2-e2be8cd-20260821-192422-GPU01247-S60-GPU01247-seed20260820-attempt2
P+S,20260820,59,0.942642867565155,0.023548120632767677,0.5234375,CURVE60-FULL2-e2be8cd-20260821-192422-GPU01247-S60-GPU01247-seed20260820-attempt2
P+S,20260821,0,0.5794187188148499,0.07080890238285065,0.5390625,CURVE60-FULL2-e2be8cd-20260821-192422-GPU01247-S60-GPU01247-seed20260821-attempt1
P+S,20260821,1,0.8158139586448669,0.021497253328561783,0.3671875,CURVE60-FULL2-e2be8cd-20260821-192422-GPU01247-S60-GPU01247-seed20260821-attempt1
P+S,20260821,2,0.6634868383407593,0.0004321819869801402,0.53125,CURVE60-FULL2-e2be8cd-20260821-192422-GPU01247-S60-GPU01247-seed20260821-attempt1
P+S,20260821,3,0.36919867992401123,0.03200681135058403,0.23046875,CURVE60-FULL2-e2be8cd-20260821-192422-GPU01247-S60-GPU01247-seed20260821-attempt1
P+S,20260821,4,0.5022061467170715,0.028021199628710747,0.3671875,CURVE60-FULL2-e2be8cd-20260821-192422-GPU01247-S60-GPU01247-seed20260821-attempt1
P+S,20260821,5,0.3819427192211151,0.010994208045303822,0.31640625,CURVE60-FULL2-e2be8cd-20260821-192422-GPU01247-S60-GPU01247-seed20260821-attempt1
P+S,20260821,6,0.43786031007766724,-0.01356615498661995,0.3984375,CURVE60-FULL2-e2be8cd-20260821-192422-GPU01247-S60-GPU01247-seed20260821-attempt1
P+S,20260821,7,0.435101717710495,0.03802605718374252,0.296875,CURVE60-FULL2-e2be8cd-20260821-192422-GPU01247-S60-GPU01247-seed20260821-attempt1
P+S,20260821,8,0.4214611053466797,0.017443904653191566,0.2890625,CURVE60-FULL2-e2be8cd-20260821-192422-GPU01247-S60-GPU01247-seed20260821-attempt1
P+S,20260821,9,0.4925301671028137,0.020804474130272865,0.44140625,CURVE60-FULL2-e2be8cd-20260821-192422-GPU01247-S60-GPU01247-seed20260821-attempt1
P+S,20260821,10,0.39921239018440247,0.04350529983639717,0.30859375,CURVE60-FULL2-e2be8cd-20260821-192422-GPU01247-S60-GPU01247-seed20260821-attempt1
P+S,20260821,11,0.5699901580810547,0.04307371750473976,0.44140625,CURVE60-FULL2-e2be8cd-20260821-192422-GPU01247-S60-GPU01247-seed20260821-attempt1
P+S,20260821,12,0.43042659759521484,0.0072200424037873745,0.3203125,CURVE60-FULL2-e2be8cd-20260821-192422-GPU01247-S60-GPU01247-seed20260821-attempt1
P+S,20260821,13,0.5359821915626526,0.02583906054496765,0.375,CURVE60-FULL2-e2be8cd-20260821-192422-GPU01247-S60-GPU01247-seed20260821-attempt1
P+S,20260821,14,0.40183690190315247,0.030174577608704567,0.4140625,CURVE60-FULL2-e2be8cd-20260821-192422-GPU01247-S60-GPU01247-seed20260821-attempt1
P+S,20260821,15,0.6184722781181335,0.023350125178694725,0.53515625,CURVE60-FULL2-e2be8cd-20260821-192422-GPU01247-S60-GPU01247-seed20260821-attempt1
P+S,20260821,16,0.5265545845031738,0.0142096858471632,0.34765625,CURVE60-FULL2-e2be8cd-20260821-192422-GPU01247-S60-GPU01247-seed20260821-attempt1
P+S,20260821,17,0.47004491090774536,0.016011303290724754,0.421875,CURVE60-FULL2-e2be8cd-20260821-192422-GPU01247-S60-GPU01247-seed20260821-attempt1
P+S,20260821,18,0.5131675601005554,0.01727348007261753,0.546875,CURVE60-FULL2-e2be8cd-20260821-192422-GPU01247-S60-GPU01247-seed20260821-attempt1
P+S,20260821,19,0.8111682534217834,0.009355144575238228,0.359375,CURVE60-FULL2-e2be8cd-20260821-192422-GPU01247-S60-GPU01247-seed20260821-attempt1
P+S,20260821,20,0.6235196590423584,0.013486674055457115,0.421875,CURVE60-FULL2-e2be8cd-20260821-192422-GPU01247-S60-GPU01247-seed20260821-attempt1
P+S,20260821,21,0.6299375295639038,0.005330331157892942,0.3515625,CURVE60-FULL2-e2be8cd-20260821-192422-GPU01247-S60-GPU01247-seed20260821-attempt1
P+S,20260821,22,0.448503702878952,0.0026320554316043854,0.29296875,CURVE60-FULL2-e2be8cd-20260821-192422-GPU01247-S60-GPU01247-seed20260821-attempt1
P+S,20260821,23,0.5756725668907166,-0.024081727489829063,0.3828125,CURVE60-FULL2-e2be8cd-20260821-192422-GPU01247-S60-GPU01247-seed20260821-attempt1
P+S,20260821,24,0.49818092584609985,0.037065472453832626,0.40625,CURVE60-FULL2-e2be8cd-20260821-192422-GPU01247-S60-GPU01247-seed20260821-attempt1
P+S,20260821,25,0.8059430122375488,0.03609668090939522,0.46875,CURVE60-FULL2-e2be8cd-20260821-192422-GPU01247-S60-GPU01247-seed20260821-attempt1
P+S,20260821,26,0.6381388902664185,0.0539867989718914,0.43359375,CURVE60-FULL2-e2be8cd-20260821-192422-GPU01247-S60-GPU01247-seed20260821-attempt1
P+S,20260821,27,1.2250659465789795,-0.009665449149906635,0.4609375,CURVE60-FULL2-e2be8cd-20260821-192422-GPU01247-S60-GPU01247-seed20260821-attempt1
P+S,20260821,28,1.5016627311706543,0.023554062470793724,0.41015625,CURVE60-FULL2-e2be8cd-20260821-192422-GPU01247-S60-GPU01247-seed20260821-attempt1
P+S,20260821,29,0.6570972204208374,0.03277617692947388,0.4609375,CURVE60-FULL2-e2be8cd-20260821-192422-GPU01247-S60-GPU01247-seed20260821-attempt1
P+S,20260821,30,0.3992127478122711,0.018931623548269272,0.40625,CURVE60-FULL2-e2be8cd-20260821-192422-GPU01247-S60-GPU01247-seed20260821-attempt1
P+S,20260821,31,0.683143675327301,-0.004337367136031389,0.41796875,CURVE60-FULL2-e2be8cd-20260821-192422-GPU01247-S60-GPU01247-seed20260821-attempt1
P+S,20260821,32,0.664983868598938,0.005924156866967678,0.4296875,CURVE60-FULL2-e2be8cd-20260821-192422-GPU01247-S60-GPU01247-seed20260821-attempt1
P+S,20260821,33,0.41484999656677246,0.025225548073649406,0.37109375,CURVE60-FULL2-e2be8cd-20260821-192422-GPU01247-S60-GPU01247-seed20260821-attempt1
P+S,20260821,34,0.48200175166130066,0.004140876233577728,0.48828125,CURVE60-FULL2-e2be8cd-20260821-192422-GPU01247-S60-GPU01247-seed20260821-attempt1
P+S,20260821,35,0.8297814130783081,0.04308979958295822,0.42578125,CURVE60-FULL2-e2be8cd-20260821-192422-GPU01247-S60-GPU01247-seed20260821-attempt1
P+S,20260821,36,0.45393216609954834,-0.004304713103920221,0.3671875,CURVE60-FULL2-e2be8cd-20260821-192422-GPU01247-S60-GPU01247-seed20260821-attempt1
P+S,20260821,37,0.5687240362167358,0.015315304510295391,0.4375,CURVE60-FULL2-e2be8cd-20260821-192422-GPU01247-S60-GPU01247-seed20260821-attempt1
P+S,20260821,38,0.45169419050216675,-0.0025416677817702293,0.46875,CURVE60-FULL2-e2be8cd-20260821-192422-GPU01247-S60-GPU01247-seed20260821-attempt1
P+S,20260821,39,0.74480140209198,-0.0035658215638250113,0.4921875,CURVE60-FULL2-e2be8cd-20260821-192422-GPU01247-S60-GPU01247-seed20260821-attempt1
P+S,20260821,40,1.3539190292358398,0.021556882187724113,0.44140625,CURVE60-FULL2-e2be8cd-20260821-192422-GPU01247-S60-GPU01247-seed20260821-attempt1
P+S,20260821,41,0.67988520860672,0.022711411118507385,0.48828125,CURVE60-FULL2-e2be8cd-20260821-192422-GPU01247-S60-GPU01247-seed20260821-attempt1
P+S,20260821,42,0.8883318305015564,-0.008751744404435158,0.484375,CURVE60-FULL2-e2be8cd-20260821-192422-GPU01247-S60-GPU01247-seed20260821-attempt1
P+S,20260821,43,0.8177593350410461,0.01990840584039688,0.62890625,CURVE60-FULL2-e2be8cd-20260821-192422-GPU01247-S60-GPU01247-seed20260821-attempt1
P+S,20260821,44,0.6121035218238831,0.007765935268253088,0.54296875,CURVE60-FULL2-e2be8cd-20260821-192422-GPU01247-S60-GPU01247-seed20260821-attempt1
P+S,20260821,45,0.4625973403453827,0.014341872185468674,0.53515625,CURVE60-FULL2-e2be8cd-20260821-192422-GPU01247-S60-GPU01247-seed20260821-attempt1
P+S,20260821,46,0.6494565010070801,0.07746851444244385,0.52734375,CURVE60-FULL2-e2be8cd-20260821-192422-GPU01247-S60-GPU01247-seed20260821-attempt1
P+S,20260821,47,0.5667456984519958,-0.009137216955423355,0.51953125,CURVE60-FULL2-e2be8cd-20260821-192422-GPU01247-S60-GPU01247-seed20260821-attempt1
P+S,20260821,48,0.5081636309623718,0.019378598779439926,0.55078125,CURVE60-FULL2-e2be8cd-20260821-192422-GPU01247-S60-GPU01247-seed20260821-attempt1
P+S,20260821,49,0.6663221716880798,-0.0061308834701776505,0.40625,CURVE60-FULL2-e2be8cd-20260821-192422-GPU01247-S60-GPU01247-seed20260821-attempt1
P+S,20260821,50,0.6546096205711365,0.0165401604026556,0.52734375,CURVE60-FULL2-e2be8cd-20260821-192422-GPU01247-S60-GPU01247-seed20260821-attempt1
P+S,20260821,51,0.6775858998298645,0.003137622494250536,0.546875,CURVE60-FULL2-e2be8cd-20260821-192422-GPU01247-S60-GPU01247-seed20260821-attempt1
P+S,20260821,52,0.7834109663963318,0.024194419384002686,0.53515625,CURVE60-FULL2-e2be8cd-20260821-192422-GPU01247-S60-GPU01247-seed20260821-attempt1
P+S,20260821,53,0.4618667960166931,0.02746601775288582,0.5546875,CURVE60-FULL2-e2be8cd-20260821-192422-GPU01247-S60-GPU01247-seed20260821-attempt1
P+S,20260821,54,0.4002821147441864,0.03446283936500549,0.46484375,CURVE60-FULL2-e2be8cd-20260821-192422-GPU01247-S60-GPU01247-seed20260821-attempt1
P+S,20260821,55,0.2846306264400482,-0.0028067762032151222,0.3984375,CURVE60-FULL2-e2be8cd-20260821-192422-GPU01247-S60-GPU01247-seed20260821-attempt1
P+S,20260821,56,0.5451396703720093,0.02153056673705578,0.5859375,CURVE60-FULL2-e2be8cd-20260821-192422-GPU01247-S60-GPU01247-seed20260821-attempt1
P+S,20260821,57,0.5629359483718872,0.009403123520314693,0.4296875,CURVE60-FULL2-e2be8cd-20260821-192422-GPU01247-S60-GPU01247-seed20260821-attempt1
P+S,20260821,58,1.244500994682312,0.021678881719708443,0.61328125,CURVE60-FULL2-e2be8cd-20260821-192422-GPU01247-S60-GPU01247-seed20260821-attempt1
P+S,20260821,59,0.6394926309585571,0.022803835570812225,0.48046875,CURVE60-FULL2-e2be8cd-20260821-192422-GPU01247-S60-GPU01247-seed20260821-attempt1
