variant,run_id,git_commit,git_status,dataset_sha256,model_sha256,python,torch,torch_cuda,ray,sglang,transformers,gpu_name,gpu_driver,seed,update_weight_buffer_size,update_weights_interval,max_tokens_per_gpu,log_probs_max_tokens_per_gpu,total_steps,stable_steps,e2e_step_time_s,e2e_step_time_p50_s,e2e_step_time_p95_s,framework_step_time_s,response_tokens_per_s,samples_per_s,train_wait_s,actor_train_s,preceding_update_weights_s,rollout_s,ref_log_probs_s,raw_reward,loss,tis,tis_clipfrac,observed_samples,total_samples,actual_response_tokens,known_peak_inf,unexpected_nonfinite,runtime_errors,has_reference_forward,weight_publications,dynamic_microbatches_mean,gpu_util_pct,actor_gpu_util_pct,rollout_gpu_util_pct,actor_peak_memory_mib,rollout_peak_memory_mib,peak_memory_mib
baseline,1,056f4b47c2022910c780f497d42283a803dc2ea7,clean,c992e09c748ae19e82ad6d4fda099eae01ce987414372a47834c901403e2c7e4,f47f71177f32bcd101b7573ec9171e6a57f4f4d31148d38e382306f42996874b,Python 3.12.3,2.11.0+cu130,13.0,2.56.1,0.5.12.post1,5.6.0,NVIDIA RTX PRO 6000 Blackwell Server Edition,580.173.02,20260802,536870912,1,8192,8192,20,11,3.909090909090909,4.0,4.0,3.865787614475597,4234.536351795618,8.277743940245117,1.2833748080513694,2.5497449961575596,0.6450736739418723,nan,0.2275410998951305,-1.0,0.0,0.9998365315524015,0.0,352,640,327383.0,0,0,0,True,21,3.0,57.73809523809524,80.64285714285714,34.833333333333336,43978.0,80621.0,80621.0
baseline,2,056f4b47c2022910c780f497d42283a803dc2ea7,clean,c992e09c748ae19e82ad6d4fda099eae01ce987414372a47834c901403e2c7e4,f47f71177f32bcd101b7573ec9171e6a57f4f4d31148d38e382306f42996874b,Python 3.12.3,2.11.0+cu130,13.0,2.56.1,0.5.12.post1,5.6.0,NVIDIA RTX PRO 6000 Blackwell Server Edition,580.173.02,20260803,536870912,1,8192,8192,20,11,3.909090909090909,4.0,4.0,3.8844243613156406,4215.694252571086,8.2380288618007,1.2973972884091465,2.553226254203103,0.6592434536327015,nan,0.22766512090509589,-1.0,0.0,0.9999342452396046,0.0,352,640,327458.0,0,0,0,True,21,3.0,54.535714285714285,76.11904761904762,32.95238095238095,43978.0,80621.0,80621.0
baseline,3,056f4b47c2022910c780f497d42283a803dc2ea7,clean,c992e09c748ae19e82ad6d4fda099eae01ce987414372a47834c901403e2c7e4,f47f71177f32bcd101b7573ec9171e6a57f4f4d31148d38e382306f42996874b,Python 3.12.3,2.11.0+cu130,13.0,2.56.1,0.5.12.post1,5.6.0,NVIDIA RTX PRO 6000 Blackwell Server Edition,580.173.02,20260804,536870912,1,8192,8192,20,11,3.909090909090909,4.0,4.0,3.9290519194169478,4168.296800691012,8.14445842312734,1.3323048461567273,2.563399249857122,0.6882718909870494,nan,0.22823619842529297,-1.0,0.0,0.9999307177283547,0.0,352,640,327536.0,0,0,0,True,21,3.0,54.916666666666664,74.14285714285714,35.69047619047619,43978.0,80621.0,80621.0
zero_kl,1,056f4b47c2022910c780f497d42283a803dc2ea7,clean,c992e09c748ae19e82ad6d4fda099eae01ce987414372a47834c901403e2c7e4,f47f71177f32bcd101b7573ec9171e6a57f4f4d31148d38e382306f42996874b,Python 3.12.3,2.11.0+cu130,13.0,2.56.1,0.5.12.post1,5.6.0,NVIDIA RTX PRO 6000 Blackwell Server Edition,580.173.02,20260802,536870912,1,8192,8192,20,11,3.5454545454545454,4.0,4.0,3.6048407554626465,4541.998642622559,8.876952456639962,1.0168884884227405,2.5561969496987085,0.6454764712940563,nan,nan,-1.0,0.0,1.0001545710997148,0.0,352,640,327097.0,0,0,0,False,21,3.0,56.28947368421053,75.42105263157895,37.1578947368421,43974.0,80621.0,80621.0
zero_kl,2,056f4b47c2022910c780f497d42283a803dc2ea7,clean,c992e09c748ae19e82ad6d4fda099eae01ce987414372a47834c901403e2c7e4,f47f71177f32bcd101b7573ec9171e6a57f4f4d31148d38e382306f42996874b,Python 3.12.3,2.11.0+cu130,13.0,2.56.1,0.5.12.post1,5.6.0,NVIDIA RTX PRO 6000 Blackwell Server Edition,580.173.02,20260803,536870912,1,8192,8192,20,11,3.727272727272727,4.0,4.0,3.7173081094568428,4403.724285957,8.608379789286744,1.1002734791148792,2.5857675075531006,0.6567192294380881,nan,nan,-1.0,0.0,0.9999248818917708,0.0,352,640,327288.0,0,0,0,False,21,3.0,57.0625,74.575,39.55,43974.0,80621.0,80621.0
zero_kl,3,056f4b47c2022910c780f497d42283a803dc2ea7,clean,c992e09c748ae19e82ad6d4fda099eae01ce987414372a47834c901403e2c7e4,f47f71177f32bcd101b7573ec9171e6a57f4f4d31148d38e382306f42996874b,Python 3.12.3,2.11.0+cu130,13.0,2.56.1,0.5.12.post1,5.6.0,NVIDIA RTX PRO 6000 Blackwell Server Edition,580.173.02,20260804,536870912,1,8192,8192,20,11,3.727272727272727,4.0,5.0,3.6873843886635522,4435.763108031111,8.678238183786966,1.1009479436007412,2.555250124497847,0.6543913537805731,nan,nan,-0.9943181818181818,5.663118579170921e-06,0.9999981197443876,0.0,352,640,327228.0,0,0,0,False,21,3.0,53.61538461538461,72.87179487179488,34.35897435897436,43974.0,80621.0,80621.0
optimized,1,056f4b47c2022910c780f497d42283a803dc2ea7,clean,c992e09c748ae19e82ad6d4fda099eae01ce987414372a47834c901403e2c7e4,f47f71177f32bcd101b7573ec9171e6a57f4f4d31148d38e382306f42996874b,Python 3.12.3,2.11.0+cu130,13.0,2.56.1,0.5.12.post1,5.6.0,NVIDIA RTX PRO 6000 Blackwell Server Edition,580.173.02,20260802,536870912,2,8192,8192,20,11,3.272727272727273,3.0,4.0,3.21592040495439,5090.865481806095,9.95049502801791,0.6424520449204878,2.5424539826133032,0.2982729565013539,nan,nan,-1.0,0.0,0.999968333677812,0.0,352,640,327150.0,0,0,0,False,11,3.0,60.74285714285714,81.97142857142858,39.51428571428571,51168.0,80623.0,80623.0
optimized,2,056f4b47c2022910c780f497d42283a803dc2ea7,clean,c992e09c748ae19e82ad6d4fda099eae01ce987414372a47834c901403e2c7e4,f47f71177f32bcd101b7573ec9171e6a57f4f4d31148d38e382306f42996874b,Python 3.12.3,2.11.0+cu130,13.0,2.56.1,0.5.12.post1,5.6.0,NVIDIA RTX PRO 6000 Blackwell Server Edition,580.173.02,20260803,536870912,2,8192,8192,20,11,3.272727272727273,3.0,4.0,3.241285194050182,5049.25976249578,9.872627085928858,0.657823692668568,2.5516945015300405,0.31132513826543634,nan,nan,-1.0,0.0,1.0000414685769514,0.0,352,640,327415.0,0,0,0,False,11,3.0,63.97142857142857,85.77142857142857,42.17142857142857,51168.0,80623.0,80623.0
optimized,3,056f4b47c2022910c780f497d42283a803dc2ea7,clean,c992e09c748ae19e82ad6d4fda099eae01ce987414372a47834c901403e2c7e4,f47f71177f32bcd101b7573ec9171e6a57f4f4d31148d38e382306f42996874b,Python 3.12.3,2.11.0+cu130,13.0,2.56.1,0.5.12.post1,5.6.0,NVIDIA RTX PRO 6000 Blackwell Server Edition,580.173.02,20260804,536870912,2,8192,8192,20,11,3.272727272727273,3.0,4.0,3.244715755636042,5045.322178129384,9.862188989718526,0.6699859662489458,2.543142253702337,0.3221777352419766,nan,nan,-0.9943181818181818,-1.5030530366030606e-05,0.9999059763821688,0.0,352,640,327114.0,0,0,0,False,11,3.0,65.69117647058823,87.61764705882354,43.76470588235294,51168.0,80621.0,80621.0
