run,algorithm,step,rollout/raw_reward,train/loss,train/pg_loss,train/entropy_loss,train/pg_clipfrac,train/ppo_kl,train/kl_loss,train/train_rollout_logprob_abs_diff,train/train_rollout_prob_abs_diff,train/grad_norm,train/lr-pg_0,rollout/response_lengths/correct,rollout/response_lengths/incorrect,rollout/response_counts/correct,rollout/response_counts/incorrect,rollout/truncated_counts/correct,rollout/truncated_counts/incorrect,train/loss_mask_tokens,train/fully_masked_responses,train/reference_kl
grpo,GRPO,0,0.5,0.0,0.0,0.24571090493859565,0.0,0.0,0.0,0.007309428438919279,0.0035055000985075692,0.0,1e-06,1253.9166666666667,4096.0,12,4,0,4,31431,0,0.0
grpo,GRPO,1,0.625,0.2287490534776447,0.2287490534776447,0.24058432776071914,0.0,0.0,0.0,0.007549786112541508,0.003659413105801444,1.7757067680358887,1e-06,1823.0,4096.0,13,3,0,3,35987,0,0.0
grpo,GRPO,2,0.5,0.0,0.0,0.14362295610234316,0.0,0.0,0.00018501315315998186,0.004586654887653708,0.002338545615048016,0.0,1e-06,1161.0833333333333,3617.25,12,4,0,1,28402,0,0.00018501315315998186
grpo,GRPO,3,0.875,0.1396934088978703,0.1396934088978703,0.17361499851787668,0.0,0.0,0.00030059205576782896,0.005559066889365195,0.002727097709959156,1.209371566772461,1e-06,1554.2666666666667,4096.0,15,1,0,1,27410,0,0.00030059205576782896
grpo,GRPO,4,0.5,0.0,0.0,0.2773248830704996,0.0,0.0,0.0007971082367331389,0.008034163335213965,0.0036931075501502307,0.0,1e-06,1498.75,4096.0,12,4,0,4,34369,0,0.0007971082367331389
grpo,GRPO,5,1.0,0.0,0.0,0.21627986665871535,0.0,0.0,0.0011959214551066737,0.006690354811694611,0.003238055490054439,0.0,1e-06,1539.3125,nan,16,0,0,0,24629,0,0.0011959214551066737
grpo,GRPO,6,0.875,0.16144152238220102,0.16144152238220102,0.16897419144701545,0.0,0.0,0.0012600552331436124,0.005119911570116398,0.0025410494044300204,1.255738615989685,1e-06,1311.2,4096.0,15,1,0,1,23764,0,0.0012600552331436124
grpo,GRPO,7,0.375,0.15198971319070081,0.15198971319070081,0.28325784470627874,0.0,0.0,0.0032548913189059526,0.007964528538788746,0.003689384309240353,1.067503571510315,1e-06,1005.0,4096.0,11,5,0,5,31535,0,0.0032548913189059526
grpo,GRPO,8,0.875,0.04240986152500549,0.04240986152500549,0.23678541580244503,0.0,0.0,0.008461150262945786,0.006871852491713004,0.0032315904290536315,0.6827965378761292,1e-06,2459.0,4096.0,15,1,0,1,40981,0,0.008461150262945786
grpo,GRPO,9,1.0,0.0,0.0,0.20957957452295672,0.0,0.0,0.012840661878315346,0.006516488604888974,0.003044066733366323,0.0,1e-06,1491.9375,nan,16,0,0,0,23871,0,0.012840661878315346
grpo,GRPO,10,0.5,0.1254557676486803,0.1254557676486803,0.30328767235205856,0.0,0.0,0.018867680865316032,0.008376047350904102,0.0037061915160347446,1.3520029783248901,1e-06,2300.25,4096.0,12,4,0,4,43987,0,0.018867680865316032
grpo,GRPO,11,0.5,0.10294735619673176,0.10294735619673176,0.2987101152327584,0.0,0.0,0.022429077102015665,0.008140202659601985,0.0036360694559789053,0.8725598454475403,1e-06,2359.9166666666665,4096.0,12,4,0,4,44703,0,0.022429077102015665
grpo,GRPO,12,1.0,0.0,0.0,0.1927086917917619,0.0,0.0,0.011042955257083679,0.005792765138849211,0.002800682728884499,0.0,1e-06,1504.0625,nan,16,0,0,0,24065,0,0.011042955257083679
grpo,GRPO,13,0.25,0.16575209168773145,0.16575209168773145,0.3165688681968543,0.0,0.0,0.023928315810227082,0.008193476401588441,0.0035975326914587493,1.2499566078186035,1e-06,2475.5,3885.1666666666665,10,6,0,5,48066,0,0.023928315810227082
grpo,GRPO,14,0.75,0.2379911281032537,0.2379911281032537,0.21865528243722965,0.0,0.0,0.01692924908459893,0.005804025514784535,0.0027355366997954675,1.627280831336975,1e-06,1341.5714285714287,3901.5,14,2,0,1,26585,0,0.01692924908459893
grpo,GRPO,15,0.625,0.07854264588677454,0.07854264588677454,0.42533457918136297,0.0,0.0,0.03359829161900636,0.01014152120197807,0.004189267549100068,1.2018070220947266,1e-06,2173.4615384615386,4096.0,13,3,0,3,40543,0,0.03359829161900636
grpo,GRPO,16,0.5,0.08894222385280735,0.08894222385280735,0.36105070009336365,0.0,0.0,0.026779908400315505,0.00875155087355729,0.00373252931531969,0.7775971293449402,1e-06,2548.1666666666665,4003.5,12,4,0,3,46592,0,0.026779908400315505
grpo,GRPO,17,0.75,0.07522029380722034,0.07522029380722034,0.46737994032048885,0.0,0.0,0.0551787811534879,0.010394087339415542,0.004223091998056363,1.0079803466796875,1e-06,2664.3571428571427,4096.0,14,2,0,2,45493,0,0.0551787811534879
grpo,GRPO,18,0.125,0.016289988721670264,0.016289988721670264,0.42533621722638393,0.0,0.0,0.027726005527075926,0.009595344973554945,0.003953669263724448,0.6335657835006714,1e-06,1355.2222222222222,3883.285714285714,9,7,0,6,39380,0,0.027726005527075926
grpo,GRPO,19,1.0,0.0,0.0,0.2995078329831123,0.0,0.0,0.03372003412923277,0.007379423608609293,0.0032439826080491703,0.0,1e-06,1621.0,nan,16,0,0,0,25936,0,0.03372003412923277
grpo,GRPO,20,0.0,0.0,0.0,0.5118068416365076,0.0,0.0,0.03878362138356,0.011199889736352423,0.0044656863554493114,0.0,1e-06,1430.25,4096.0,8,8,0,8,44210,0,0.03878362138356
grpo,GRPO,21,0.5,0.0,0.0,0.4222111833286945,0.0,0.0,0.05774901785828731,0.009149249854826024,0.003781591254689972,0.0,1e-06,1785.9166666666667,3175.25,12,4,0,0,34132,0,0.05774901785828731
grpo,GRPO,22,0.5,0.0,0.0,0.41424727097142117,0.0,0.0,0.04510632372905368,0.00925690149981125,0.0037281699359976222,0.0,1e-06,1538.9166666666667,4096.0,12,4,0,4,34851,0,0.04510632372905368
grpo,GRPO,23,0.5,0.0,0.0,0.4422138340651789,0.0,0.0,0.0639941442648155,0.009589368829906082,0.003785655518943056,0.0,1e-06,1317.6666666666667,4096.0,12,4,0,4,32196,0,0.0639941442648155
grpo,GRPO,24,1.0,0.0,0.0,0.28860716808003445,0.0,0.0,0.03229710666264935,0.006675264099157427,0.002871812064080571,0.0,1e-06,1469.875,nan,16,0,0,0,23518,0,0.03229710666264935
grpo,GRPO,25,0.0,0.0,0.0,0.5035578242927292,0.0,0.0,0.06324005556133391,0.010639139172196187,0.004220120973442188,0.0,1e-06,1237.0,4096.0,8,8,0,8,42664,0,0.06324005556133391
grpo,GRPO,26,0.625,0.012135421218496138,0.012135421218496138,0.37649842974888464,0.0,0.0,0.0693439194581086,0.008019238404799657,0.0033391956832790233,0.6360604763031006,1e-06,1812.2307692307693,2159.0,13,3,0,0,30036,0,0.0693439194581086
grpo,GRPO,27,0.0,0.0,0.0,0.44174052115334506,0.0,0.0,0.07701569603831226,0.00951715664976462,0.003799385321716766,0.0,1e-06,1339.625,3217.5,8,8,0,4,36457,0,0.07701569603831226
grpo,GRPO,28,1.0,0.0,0.0,0.2781136568640237,0.0,0.0,0.04613693202812554,0.006799284965344003,0.00290416895959755,0.0,1e-06,1437.75,nan,16,0,0,0,23004,0,0.04613693202812554
grpo,GRPO,29,0.5,0.1484560590830723,0.1484560590830723,0.40639765010133977,0.0,0.0,0.06204378586375721,0.008840847032952705,0.0035475361159242485,1.0506316423416138,1e-06,1800.5833333333333,4096.0,12,4,0,4,37991,0,0.06204378586375721
grpo,GRPO,30,0.875,0.13074761538027907,0.13074761538027907,0.40262187964240237,0.0,0.0,0.08932154018054524,0.008998327357794648,0.003666088145266297,1.1095573902130127,1e-06,1611.7333333333333,4096.0,15,1,0,1,28272,0,0.08932154018054524
grpo,GRPO,31,0.625,0.07188336355550863,0.07188336355550863,0.4450580397754963,0.0,0.0,0.055964806247258685,0.009392441788892182,0.0038072597275987433,0.8284222483634949,1e-06,1422.3846153846155,4096.0,13,3,0,3,30779,0,0.055964806247258685
grpo,GRPO,32,1.0,0.0,0.0,0.24891021209873213,0.0,0.0,0.06452051887687146,0.005854563150953855,0.002618520987268597,0.0,1e-06,1158.4375,nan,16,0,0,0,18535,0,0.06452051887687146
grpo,GRPO,33,0.75,0.0755581087447415,0.0755581087447415,0.5408551014162428,0.0,0.0,0.1077778880929756,0.010323638305069629,0.003870111718707729,0.772485613822937,1e-06,2055.1428571428573,4096.0,14,2,0,2,36964,0,0.1077778880929756
grpo,GRPO,34,1.0,0.0,0.0,0.23971067766155518,0.0,0.0,0.05941331171506384,0.005228381933783479,0.0023990069610005625,0.0,1e-06,1351.125,nan,16,0,0,0,21618,0,0.05941331171506384
grpo,GRPO,35,1.0,0.0,0.0,0.26694999955824145,0.0,0.0,0.07968050779041207,0.006352152926411124,0.002782939392843364,0.0,1e-06,1326.375,nan,16,0,0,0,21222,0,0.07968050779041207
grpo,GRPO,36,1.0,0.0,0.0,0.3417650580515394,0.0,0.0,0.08198484704215955,0.007118830720920709,0.0030196239222105947,0.0,1e-06,1569.1875,nan,16,0,0,0,25107,0,0.08198484704215955
grpo,GRPO,37,0.625,0.011597104574156785,0.011597104574156785,0.41221802566225163,0.0,0.0,0.09892390874066302,0.008187564936217369,0.003154875078058823,0.6280297636985779,1e-06,1552.076923076923,4096.0,13,3,0,3,32465,0,0.09892390874066302
grpo,GRPO,38,0.875,0.10061138007254192,0.10061138007254192,0.3931233910183066,0.0,0.0,0.10908201659625051,0.007709848195214906,0.003100033330869061,0.9780235886573792,1e-06,1504.0666666666666,4096.0,15,1,0,1,26657,0,0.10908201659625051
grpo,GRPO,39,1.0,0.0,0.0,0.5447507848907385,0.0,0.0,0.1878978367781498,0.009702477098196948,0.0034551823478015517,0.0,1e-06,1488.6875,nan,16,0,0,0,23819,0,0.1878978367781498
grpo,GRPO,40,0.875,0.2095340483369883,0.2095340483369883,0.4788135091961675,0.0,0.0,0.16407016126334717,0.008724854803125162,0.0032639248528476546,3.1147162914276123,1e-06,1003.7333333333333,4096.0,15,1,0,1,19152,0,0.16407016126334717
grpo,GRPO,41,1.0,0.0,0.0,0.3352045797516905,0.0,0.0,0.14912276330058688,0.006995546419299905,0.0030335934681075967,0.0,1e-06,979.75,nan,16,0,0,0,15676,0,0.14912276330058688
grpo,GRPO,42,1.0,0.0,0.0,0.39765640763720744,0.0,0.0,0.1639316308029894,0.008273620093905696,0.003323081856060496,0.0,1e-06,1006.6875,nan,16,0,0,0,16107,0,0.1639316308029894
grpo,GRPO,43,1.0,0.0,0.0,0.39591484523411663,0.0,0.0,0.1860414259557711,0.007970326959831008,0.0033064415274872147,0.0,1e-06,888.3125,nan,16,0,0,0,14213,0,0.1860414259557711
grpo,GRPO,44,1.0,0.0,0.0,0.5830416825090903,0.0,0.0,0.28813298676665966,0.010141235974675067,0.003609747113435304,0.0,1e-06,893.8125,nan,16,0,0,0,14301,0,0.28813298676665966
grpo,GRPO,45,1.0,0.0,0.0,0.7537268693353474,0.0,0.0,0.29640825623111783,0.012713982619547771,0.004234620523596818,0.0,1e-06,1655.0,nan,16,0,0,0,26480,0,0.29640825623111783
grpo,GRPO,46,1.0,0.0,0.0,0.2824659125314263,0.0,0.0,0.15212600255147013,0.0062360344840698394,0.0027054245635110548,0.0,1e-06,1019.25,nan,16,0,0,0,16308,0,0.15212600255147013
grpo,GRPO,47,0.5,0.0,0.0,0.3736833763605046,0.0,0.0,0.20801704375249633,0.007144331725741048,0.0028425269240530556,0.0,1e-06,993.0833333333334,776.25,12,4,0,0,15022,0,0.20801704375249633
grpo,GRPO,48,1.0,0.0,0.0,0.30553709063870427,0.0,0.0,0.1921120562977508,0.006385852363610473,0.002745716052625838,0.0,1e-06,912.125,nan,16,0,0,0,14594,0,0.1921120562977508
grpo,GRPO,49,0.5,0.0,0.0,0.8359764273356401,0.0,0.0,0.3903840695285467,0.014180639986348399,0.004232158726886894,0.0,1e-06,1450.0,2875.0,12,4,0,1,28900,0,0.3903840695285467
grpo,GRPO,50,1.0,0.0,0.0,0.42788581200915016,0.0,0.0,0.22835937644708082,0.008823278613237838,0.0033584629207785467,0.0,1e-06,843.5625,nan,16,0,0,0,13497,0,0.22835937644708082
grpo,GRPO,51,1.0,0.0,0.0,0.33630889971284267,0.0,0.0,0.2149476887492239,0.007155723473394666,0.0030668591892768233,0.0,1e-06,654.3125,nan,16,0,0,0,10469,0,0.2149476887492239
grpo,GRPO,52,1.0,0.0,0.0,0.5395543033390694,0.0,0.0,0.26756983773160153,0.010262435949774365,0.0037287276467049086,0.0,1e-06,1325.6875,nan,16,0,0,0,21211,0,0.26756983773160153
grpo,GRPO,53,1.0,0.0,0.0,0.4649496819315569,0.0,0.0,0.2925917534116337,0.009105875331949455,0.00343117139906812,0.0,1e-06,761.125,nan,16,0,0,0,12178,0,0.2925917534116337
grpo,GRPO,54,1.0,0.0,0.0,0.8343057483163451,0.0,0.0,0.43517022120722604,0.013204764602340812,0.004152858305029493,0.0,1e-06,1030.125,nan,16,0,0,0,16482,0,0.43517022120722604
grpo,GRPO,55,1.0,0.0,0.0,0.5751896097516467,0.0,0.0,0.31591263071229714,0.010671519630915473,0.003892576199907987,0.0,1e-06,920.4375,nan,16,0,0,0,14727,0,0.31591263071229714
grpo,GRPO,56,1.0,0.0,0.0,0.3418736762111315,0.0,0.0,0.2614463424245319,0.007507506426299944,0.003287681241412631,0.0,1e-06,654.25,nan,16,0,0,0,10468,0,0.2614463424245319
grpo,GRPO,57,1.0,0.0,0.0,0.36616731558393595,0.0,0.0,0.2606627809716465,0.007472213797599133,0.003105983099974025,0.0,1e-06,708.6875,nan,16,0,0,0,11339,0,0.2606627809716465
grpo,GRPO,58,1.0,0.0,0.0,0.40881204198719384,0.0,0.0,0.2503903796985736,0.008815561077076511,0.003555275265214646,0.0,1e-06,696.6875,nan,16,0,0,0,11147,0,0.2503903796985736
grpo,GRPO,59,0.875,0.32201223637203635,0.32201223637203635,0.3736136644765976,0.0,0.0,0.24200701424431972,0.007755509805477905,0.003109532881374336,1.7187955379486084,1e-06,705.4666666666667,4096.0,15,1,0,1,14678,0,0.24200701424431972
grpo,GRPO,60,0.875,0.06057436727003859,0.06057436727003859,0.6247306375340039,0.0,0.0,0.33936149233725565,0.01125085048418521,0.0039589252569662324,1.388379693031311,1e-06,918.8666666666667,2024.0,15,1,0,0,15807,0,0.33936149233725565
grpo,GRPO,61,1.0,0.0,0.0,0.3890364140259464,0.0,0.0,0.2708576262428222,0.008157930167265924,0.0034670019697402702,0.0,1e-06,734.6875,nan,16,0,0,0,11755,0,0.2708576262428222
grpo,GRPO,62,0.75,0.08500404783341078,0.08500404783341078,0.8085493579004435,0.0,0.0,0.4865139731298507,0.013365522939569678,0.004014830918008238,1.6759965419769287,1e-06,742.0714285714286,2472.0,14,2,0,0,15333,0,0.4865139731298507
grpo,GRPO,63,1.0,0.0,0.0,0.6782509646270761,0.0,0.0,0.47603022600184114,0.011552400030113992,0.0036744709785961126,0.0,1e-06,797.75,nan,16,0,0,0,12764,0,0.47603022600184114
grpo,GRPO,64,1.0,0.0,0.0,0.4894933803599565,0.0,0.0,0.33564434074411015,0.008984324167899582,0.0033891135189427334,0.0,1e-06,833.0,nan,16,0,0,0,13328,0,0.33564434074411015
grpo,GRPO,65,1.0,0.0,0.0,0.680375706356554,0.0,0.0,0.34664290946845305,0.011695330871957317,0.003992818466706806,0.0,1e-06,894.5,nan,16,0,0,0,14312,0,0.34664290946845305
grpo,GRPO,66,1.0,0.0,0.0,0.424383662080355,0.0,0.0,0.2927746492814332,0.008577511172899328,0.003439244778986753,0.0,1e-06,778.1875,nan,16,0,0,0,12451,0,0.2927746492814332
grpo,GRPO,67,1.0,0.0,0.0,0.4910272216246959,0.0,0.0,0.3391026834483962,0.010455876580766004,0.004089711539239881,0.0,1e-06,693.6875,nan,16,0,0,0,11099,0,0.3391026834483962
grpo,GRPO,68,0.5,0.0,0.0,0.3493020707925108,0.0,0.0,0.24540126145539273,0.007807412047751993,0.003366126368030762,0.0,1e-06,740.5,789.5,12,4,0,0,12044,0,0.24540126145539273
grpo,GRPO,69,1.0,0.0,0.0,0.49798419317929143,0.0,0.0,0.30295193375588314,0.009757339653967398,0.00390112339973167,0.0,1e-06,843.25,nan,16,0,0,0,13492,0,0.30295193375588314
grpo,GRPO,70,1.0,0.0,0.0,0.4662444924263681,0.0,0.0,0.28551993808174975,0.009104780298571568,0.0035786543461604516,0.0,1e-06,807.4375,nan,16,0,0,0,12919,0,0.28551993808174975
grpo,GRPO,71,0.5,0.0,0.0,0.6584083474830204,0.0,0.0,0.3705259417865228,0.011828977427607704,0.003941722010816838,0.0,1e-06,816.3333333333334,1305.5,12,4,0,0,15018,0,0.3705259417865228
grpo,GRPO,72,0.5,0.0,0.0,0.4606148640672672,0.0,0.0,0.2737311746047781,0.009638310656477576,0.003655456793476256,0.0,1e-06,859.9166666666666,861.75,12,4,0,0,13766,0,0.2737311746047781
grpo,GRPO,73,0.625,-0.05737991691578916,-0.05737991691578916,1.1055514809774525,0.0,0.0,0.49005450484115654,0.015857016382825048,0.004448138991644171,1.9118009805679321,1e-06,888.4615384615385,1753.0,13,3,0,0,16809,0,0.49005450484115654
grpo,GRPO,74,1.0,0.0,0.0,0.3476775876539782,0.0,0.0,0.236823545095416,0.0072575601506888,0.0029749918061042257,0.0,1e-06,773.75,nan,16,0,0,0,12380,0,0.236823545095416
grpo,GRPO,75,0.875,0.0742156796924125,0.0742156796924125,1.2409012458080066,0.0,0.0,0.5376538428788514,0.0178694428200243,0.00455569361421053,1.7563753128051758,1e-06,1635.4,4095.0,15,1,0,0,28626,0,0.5376538428788514
grpo,GRPO,76,0.75,0.013528354087363999,0.013528354087363999,0.44024959446419887,0.0,0.0,0.21510301214802913,0.008832861494328197,0.003419591132492559,0.8092071413993835,1e-06,993.2142857142857,1273.5,14,2,0,0,16452,0,0.21510301214802913
grpo,GRPO,77,0.5,0.0,0.0,0.5738856705230011,0.0,0.0,0.2661426423021632,0.01021547599533432,0.0036255526255412275,0.0,1e-06,955.1666666666666,1699.5,12,4,0,0,18260,0,0.2661426423021632
grpo,GRPO,78,1.0,0.0,0.0,1.0840578838908381,0.0,0.0,0.5089995050609002,0.01551406625526087,0.0041735738613285925,0.0,1e-06,1567.625,nan,16,0,0,0,25082,0,0.5089995050609002
grpo,GRPO,79,1.0,0.0,0.0,0.5208691702877152,0.0,0.0,0.2946168434125042,0.009928440347620655,0.0036337971888480056,0.0,1e-06,925.9375,nan,16,0,0,0,14815,0,0.2946168434125042
grpo,GRPO,80,1.0,0.0,0.0,0.4419086484962022,0.0,0.0,0.27655164886245304,0.009200141929170347,0.003891795026597849,0.0,1e-06,765.25,nan,16,0,0,0,12244,0,0.27655164886245304
grpo,GRPO,81,0.375,0.06263693442003919,0.06263693442003919,0.9035947432595353,0.0,0.0,0.45969967171059845,0.013955595826747281,0.00396932420475553,1.4253034591674805,1e-06,969.0,1517.8,11,5,0,0,18248,0,0.45969967171059845
grpo,GRPO,82,1.0,0.0,0.0,0.5007591199974012,0.0,0.0,0.3231433739929834,0.009409258360674376,0.0033242689993178273,0.0,1e-06,751.5625,nan,16,0,0,0,12025,0,0.3231433739929834
grpo,GRPO,83,0.625,0.13062543218266295,0.13062543218266295,1.0954841808371485,0.0,0.0,0.5248854609494222,0.015239926311791475,0.004050852224825254,2.434664726257324,1e-06,1226.6153846153845,2329.6666666666665,13,3,0,0,22935,0,0.5248854609494222
grpo,GRPO,84,1.0,0.0,0.0,0.5746423765942654,0.0,0.0,0.37351256832566165,0.010294624448599923,0.003943796161495043,0.0,1e-06,814.6875,nan,16,0,0,0,13035,0,0.37351256832566165
grpo,GRPO,85,1.0,0.0,0.0,0.5191717329983057,0.0,0.0,0.38367015112349817,0.009789598480243413,0.003718976098963749,0.0,1e-06,811.5,nan,16,0,0,0,12984,0,0.38367015112349817
grpo,GRPO,86,0.5,0.0,0.0,1.4421623907796652,0.0,0.0,0.6978664442479836,0.019957183349340858,0.005011521122296224,0.0,1e-06,689.3333333333334,2023.5,12,4,0,0,16366,0,0.6978664442479836
grpo,GRPO,87,0.875,-0.0609095217374096,-0.0609095217374096,0.7102976623530436,0.0,0.0,0.5162513928233042,0.0132621265322567,0.004540095188029635,1.6066724061965942,1e-06,815.4666666666667,697.0,15,1,0,0,12929,0,0.5162513928233042
grpo,GRPO,88,1.0,0.0,0.0,0.6771572457964973,0.0,0.0,0.6063281599709042,0.011927357932340918,0.004344332292876077,0.0,1e-06,558.5,nan,16,0,0,0,8936,0,0.6063281599709042
grpo,GRPO,89,1.0,0.0,0.0,1.1387242973978033,0.0,0.0,0.6984947810590632,0.015526696905203257,0.004290442290540556,0.0,1e-06,859.25,nan,16,0,0,0,13748,0,0.6984947810590632
grpo,GRPO,90,1.0,0.0,0.0,0.4726346255912071,0.0,0.0,0.4848247562110341,0.009414459625444245,0.0037526234521489624,0.0,1e-06,581.4375,nan,16,0,0,0,9303,0,0.4848247562110341
grpo,GRPO,91,1.0,0.0,0.0,0.9294833927056585,0.0,0.0,0.7066741294049202,0.01346674756101187,0.003948637779722822,0.0,1e-06,681.5,nan,16,0,0,0,10904,0,0.7066741294049202
grpo,GRPO,92,1.0,0.0,0.0,0.6344467841521968,0.0,0.0,0.4439913722848428,0.011938050432413447,0.004036715205673543,0.0,1e-06,950.25,nan,16,0,0,0,15204,0,0.4439913722848428
grpo,GRPO,93,0.5,0.0,0.0,0.6403441799939248,0.0,0.0,0.502887970428675,0.011190052735041141,0.003767611385204945,0.0,1e-06,650.3333333333334,981.0,12,4,0,0,11728,0,0.502887970428675
grpo,GRPO,94,0.5,0.0,0.0,0.6867686867861565,0.0,0.0,0.5080019466746079,0.011596767876455638,0.003869514575568226,0.0,1e-06,729.75,1444.25,12,4,0,0,14534,0,0.5080019466746079
grpo,GRPO,95,1.0,0.0,0.0,0.4874913039139641,0.0,0.0,0.45660502678005255,0.009553287456687654,0.0035638146582305493,0.0,1e-06,689.9375,nan,16,0,0,0,11039,0,0.45660502678005255
grpo,GRPO,96,1.0,0.0,0.0,0.2925610184019224,0.0,0.0,0.30822416671707287,0.006472603527567828,0.00288846822937001,0.0,1e-06,710.375,nan,16,0,0,0,11366,0,0.30822416671707287
grpo,GRPO,97,1.0,0.0,0.0,0.4144354290251729,0.0,0.0,0.4310581748928436,0.008547239528524838,0.003257693649975653,0.0,1e-06,659.8125,nan,16,0,0,0,10557,0,0.4310581748928436
grpo,GRPO,98,1.0,0.0,0.0,0.4428252464556864,0.0,0.0,0.42521585047386634,0.00922206157175621,0.0035268552859156303,0.0,1e-06,605.0625,nan,16,0,0,0,9681,0,0.42521585047386634
grpo,GRPO,99,1.0,0.0,0.0,0.6220647454541319,0.0,0.0,0.56681710588158,0.009886853839698138,0.003242993919660658,0.0,1e-06,772.9375,nan,16,0,0,0,12367,0,0.56681710588158
grpo,GRPO,100,0.5,0.0,0.0,0.716072234012598,0.0,0.0,0.548682773131153,0.010365083065252561,0.003256405213430969,0.0,1e-06,661.5833333333334,1011.75,12,4,0,0,11986,0,0.548682773131153
grpo,GRPO,101,0.5,0.0,0.0,0.8539489832401337,0.0,0.0,0.5192727666232806,0.01321716838208488,0.003939542170891282,0.0,1e-06,780.5,1548.0,12,4,0,0,15558,0,0.5192727666232806
grpo,GRPO,102,1.0,0.0,0.0,0.5555600260948347,0.0,0.0,0.42056104691966106,0.009624604878984406,0.003330416073843916,0.0,1e-06,765.3125,nan,16,0,0,0,12245,0,0.42056104691966106
grpo,GRPO,103,1.0,0.0,0.0,0.34570012126698857,0.0,0.0,0.3664652535616357,0.007763652228490478,0.00322220292498398,0.0,1e-06,655.3125,nan,16,0,0,0,10485,0,0.3664652535616357
grpo,GRPO,104,1.0,0.0,0.0,0.2684682618328433,0.0,0.0,0.28591052074003037,0.00675300475137703,0.0028949817473554696,0.0,1e-06,802.4375,nan,16,0,0,0,12839,0,0.28591052074003037
grpo,GRPO,105,0.875,-0.006220151663136934,-0.006220151663136934,0.5761131089071315,0.0,0.0,0.4839678399731484,0.009291243970471734,0.003238098572739709,0.8131812810897827,1e-06,880.0666666666667,625.0,15,1,0,0,13826,0,0.4839678399731484
grpo,GRPO,106,1.0,0.0,0.0,0.30713673583272594,0.0,0.0,0.30834376414932857,0.007741694716200705,0.0033206419005749116,0.0,1e-06,707.4375,nan,16,0,0,0,11319,0,0.30834376414932857
grpo,GRPO,107,0.5,0.0,0.0,1.6938357662844967,0.0,0.0,0.6341610202541599,0.018108042803677647,0.0035059324332645963,0.0,1e-06,690.5833333333334,2856.25,12,4,0,0,19712,0,0.6341610202541599
grpo,GRPO,108,1.0,0.0,0.0,0.34135050600860006,0.0,0.0,0.3133516048476511,0.00822811080162087,0.0034410771362235943,0.0,1e-06,665.875,nan,16,0,0,0,10654,0,0.3133516048476511
grpo,GRPO,109,1.0,0.0,0.0,0.3458157660407122,0.0,0.0,0.3006768902344064,0.007138573215970004,0.0029218992747329898,0.0,1e-06,777.5625,nan,16,0,0,0,12441,0,0.3006768902344064
grpo,GRPO,110,1.0,0.0,0.0,0.39942984109543306,0.0,0.0,0.321759127810557,0.008702331003118432,0.0034783518098262765,0.0,1e-06,713.6875,nan,16,0,0,0,11419,0,0.321759127810557
grpo,GRPO,111,1.0,0.0,0.0,0.24626313847031195,0.0,0.0,0.25470850785744786,0.006538410317079063,0.0029572350050381985,0.0,1e-06,695.25,nan,16,0,0,0,11124,0,0.25470850785744786
grpo,GRPO,112,1.0,0.0,0.0,0.7139016767983275,0.0,0.0,0.44076260833603964,0.010928694822672677,0.0035467702982206377,0.0,1e-06,769.8125,nan,16,0,0,0,12317,0,0.44076260833603964
grpo,GRPO,113,0.875,-0.007374882216616824,-0.007374882216616824,0.29539810997859967,0.0,0.0,0.2569689180476295,0.007079820239407855,0.003012198832497668,1.070457935333252,1e-06,699.2,902.0,15,1,0,0,11390,0,0.2569689180476295
grpo,GRPO,114,1.0,0.0,0.0,0.4103931914235444,0.0,0.0,0.32281598661609306,0.007877888710175567,0.003240432847602735,0.0,1e-06,748.1875,nan,16,0,0,0,11971,0,0.32281598661609306
grpo,GRPO,115,0.875,-0.02843470237331886,-0.02843470237331886,0.6292881684446476,0.0,0.0,0.43213798507517115,0.010827098494464879,0.0036342434477283033,1.124517560005188,1e-06,820.9333333333333,540.0,15,1,0,0,12854,0,0.43213798507517115
grpo,GRPO,116,1.0,0.0,0.0,1.0790886697768687,0.0,0.0,0.5763538437766679,0.014401888680993048,0.003831254365387813,0.0,1e-06,1245.0625,nan,16,0,0,0,19921,0,0.5763538437766679
grpo,GRPO,117,0.5,0.0,0.0,1.4272546291295125,0.0,0.0,0.7779980395863613,0.017369844956845123,0.0037291201960007007,0.0,1e-06,923.4166666666666,3594.0,12,4,0,1,25457,0,0.7779980395863613
grpo,GRPO,118,1.0,0.0,0.0,0.41212079642644944,0.0,0.0,0.310136375496435,0.008017630460480154,0.003145734068972956,0.0,1e-06,999.3125,nan,16,0,0,0,15989,0,0.310136375496435
grpo,GRPO,119,0.875,0.006627170132525218,0.006627170132525218,0.41600339720727525,0.0,0.0,0.3245598968260659,0.008486881919441584,0.003223750075457222,0.551192581653595,1e-06,1068.8666666666666,1018.0,15,1,0,0,17051,0,0.3245598968260659
grpo,GRPO,120,1.0,0.0,0.0,0.3983245851390591,0.0,0.0,0.2797732149762155,0.008762796685079597,0.0035963526597577134,0.0,1e-06,1070.8125,nan,16,0,0,0,17133,0,0.2797732149762155
grpo,GRPO,121,1.0,0.0,0.0,0.402034159216305,0.0,0.0,0.313361051619704,0.008508273975878012,0.0032817777504708374,0.0,1e-06,846.75,nan,16,0,0,0,13548,0,0.313361051619704
grpo,GRPO,122,0.5,0.0,0.0,0.8561367200806177,0.0,0.0,0.49619731641024184,0.014144827580407748,0.0040082767284871645,0.0,1e-06,925.9166666666666,3827.5,12,4,0,2,26421,0,0.49619731641024184
grpo,GRPO,123,1.0,0.0,0.0,0.25451700875861133,0.0,0.0,0.21882127702365844,0.0065796064414175804,0.002936061557606565,0.0,1e-06,861.875,nan,16,0,0,0,13790,0,0.21882127702365844
grpo,GRPO,124,1.0,0.0,0.0,0.4101016573514089,0.0,0.0,0.2427717165485979,0.008762225169812336,0.003418222441020474,0.0,1e-06,1379.625,nan,16,0,0,0,22074,0,0.2427717165485979
grpo,GRPO,125,1.0,0.0,0.0,0.3426260770157695,0.0,0.0,0.25476505471274935,0.008065448481675496,0.0033324802916915894,0.0,1e-06,1121.625,nan,16,0,0,0,17946,0,0.25476505471274935
grpo,GRPO,126,1.0,0.0,0.0,0.33424979660771487,0.0,0.0,0.2994732099881585,0.00763665943279642,0.003144961164535973,0.0,1e-06,917.0625,nan,16,0,0,0,14673,0,0.2994732099881585
grpo,GRPO,127,1.0,0.0,0.0,0.35240732906481637,0.0,0.0,0.2552372881655633,0.008224249870918916,0.0034095359659354137,0.0,1e-06,1104.5625,nan,16,0,0,0,17673,0,0.2552372881655633
grpo,GRPO,128,1.0,0.0,0.0,0.232250354203467,0.0,0.0,0.19582692709415697,0.005765537569548622,0.0026458223363506925,0.0,1e-06,902.25,nan,16,0,0,0,14436,0,0.19582692709415697
grpo,GRPO,129,1.0,0.0,0.0,0.3194026916685395,0.0,0.0,0.2669944396512603,0.007279099225091139,0.0030784424917058707,0.0,1e-06,903.8125,nan,16,0,0,0,14461,0,0.2669944396512603
grpo,GRPO,130,1.0,0.0,0.0,0.21950378520756147,0.0,0.0,0.19954707761451668,0.0061404070496037175,0.0029655238119750443,0.0,1e-06,927.8125,nan,16,0,0,0,14845,0,0.19954707761451668
grpo,GRPO,131,1.0,0.0,0.0,0.36585885013658703,0.0,0.0,0.2446216306628065,0.008354343771903347,0.0034623681804006605,0.0,1e-06,1195.4375,nan,16,0,0,0,19127,0,0.2446216306628065
grpo,GRPO,132,1.0,0.0,0.0,0.2665401128021374,0.0,0.0,0.23832834517849413,0.006635889674903137,0.0029854949105832117,0.0,1e-06,938.625,nan,16,0,0,0,15018,0,0.23832834517849413
grpo,GRPO,133,1.0,0.0,0.0,0.3640193806854627,0.0,0.0,0.29011223777625517,0.00798812956078434,0.0032121632855323197,0.0,1e-06,1071.8125,nan,16,0,0,0,17149,0,0.29011223777625517
grpo,GRPO,134,1.0,0.0,0.0,0.20359045737547893,0.0,0.0,0.2106782058189655,0.005411863576157589,0.002588451867816092,0.0,1e-06,897.1875,nan,16,0,0,0,14355,0,0.2106782058189655
grpo,GRPO,135,1.0,0.0,0.0,0.6873397029695208,0.0,0.0,0.42965765355851243,0.014040256286207694,0.004517775732634189,0.0,1e-06,1494.875,nan,16,0,0,0,23918,0,0.42965765355851243
grpo,GRPO,136,0.5,0.0,0.0,0.641469981731621,0.0,0.0,0.3221528661979628,0.012011538185410208,0.003918454328187279,0.0,1e-06,1008.25,4031.5,12,4,0,3,28225,0,0.3221528661979628
grpo,GRPO,137,1.0,0.0,0.0,0.8320251188088594,0.0,0.0,0.4711946421564353,0.015209391170242493,0.004749456189666602,0.0,1e-06,1971.0625,nan,16,0,1,0,31537,0,0.4711946421564353
grpo,GRPO,138,-0.125,-0.0032317190816129656,-0.0032317190816129656,0.95586627104235,0.0,0.0,0.53395785852386,0.016903798199442086,0.004962589205771874,0.29514366388320923,1e-06,931.4285714285714,2730.8888888888887,7,9,0,4,31098,0,0.53395785852386
grpo,GRPO,139,1.0,0.0,0.0,0.18528166647780944,0.0,0.0,0.2112937200526388,0.005232766861816496,0.0024240919089097922,0.0,1e-06,1025.5625,nan,16,0,0,0,16409,0,0.2112937200526388
grpo,GRPO,140,0.875,0.1345283761170799,0.1345283761170799,0.46438368871308777,0.0,0.0,0.254683666744226,0.010048946414119823,0.0037857333076535787,2.74643611907959,1e-06,1571.4,4096.0,15,1,0,1,27667,0,0.254683666744226
grpo,GRPO,141,1.0,0.0,0.0,0.7167381985695753,0.0,0.0,0.36363697585944965,0.013446941737771832,0.004441870898150786,0.0,1e-06,1830.75,nan,16,0,1,0,29292,0,0.36363697585944965
grpo,GRPO,142,1.0,0.0,0.0,0.26905684975023303,0.0,0.0,0.2560550743475475,0.006569611363709285,0.0029917862203367577,0.0,1e-06,1072.875,nan,16,0,0,0,17166,0,0.2560550743475475
grpo,GRPO,143,0.875,0.18117437895539398,0.18117437895539398,0.9253116961875414,0.0,0.0,0.5382197901810727,0.015375907049634225,0.004380352770457027,2.9866230487823486,1e-06,1035.8,4096.0,15,1,0,1,19633,0,0.5382197901810727
grpo,GRPO,144,1.0,0.0,0.0,0.3719629962129135,0.0,0.0,0.33563516032267665,0.007991949369401327,0.0031654744830151784,0.0,1e-06,971.125,nan,16,0,0,0,15538,0,0.33563516032267665
grpo,GRPO,145,1.0,0.0,0.0,0.29070462146318143,0.0,0.0,0.2660683367128249,0.006966264788651796,0.0030929907657017224,0.0,1e-06,964.1875,nan,16,0,0,0,15427,0,0.2660683367128249
grpo,GRPO,146,1.0,0.0,0.0,0.6451191459662716,0.0,0.0,0.3988743269997721,0.011286058312888132,0.0036576430147739576,0.0,1e-06,1371.25,nan,16,0,0,0,21940,0,0.3988743269997721
grpo,GRPO,147,1.0,0.0,0.0,0.4345002668406072,0.0,0.0,0.2845518877914069,0.008081413717830882,0.0031921488057956296,0.0,1e-06,1152.8125,nan,16,0,0,0,18445,0,0.2845518877914069
grpo,GRPO,148,1.0,0.0,0.0,0.4202565972222222,0.0,0.0,0.37963420138888887,0.008357156032986111,0.0034746734619140623,0.0,1e-06,703.125,nan,16,0,0,0,11250,0,0.37963420138888887
grpo,GRPO,149,1.0,0.0,0.0,0.43830323537352306,0.0,0.0,0.3552133499356816,0.008754535879087394,0.003298666528394755,0.0,1e-06,983.875,nan,16,0,0,0,15742,0,0.3552133499356816
grpo,GRPO,150,1.0,0.0,0.0,0.8785920082443103,0.0,0.0,0.46760348024558757,0.013392451348772063,0.003899495168669081,0.0,1e-06,1345.625,nan,16,0,0,0,21530,0,0.46760348024558757
grpo,GRPO,151,1.0,0.0,0.0,0.40620297620045603,0.0,0.0,0.3208458075204547,0.007944472510364883,0.003099974296548846,0.0,1e-06,931.9375,nan,16,0,0,0,14911,0,0.3208458075204547
grpo,GRPO,152,0.5,0.0,0.0,1.1736202587225995,0.0,0.0,0.5118501259731651,0.015549253901236406,0.003869585511443398,0.0,1e-06,1101.9166666666667,4096.0,12,4,0,4,29607,0,0.5118501259731651
grpo,GRPO,153,1.0,0.0,0.0,0.3203891358032934,0.0,0.0,0.26674732254593736,0.006893858674696008,0.0028807976170050764,0.0,1e-06,1023.8125,nan,16,0,0,0,16381,0,0.26674732254593736
grpo,GRPO,154,1.0,0.0,0.0,0.7270729697692265,0.0,0.0,0.4630507891725593,0.011443704534947908,0.003487408870158995,0.0,1e-06,1140.1875,nan,16,0,0,0,18243,0,0.4630507891725593
grpo,GRPO,155,1.0,0.0,0.0,0.4771384394180739,0.0,0.0,0.3253660648912637,0.009756618815428714,0.0036429151342968168,0.0,1e-06,1003.0,nan,16,0,0,0,16048,0,0.3253660648912637
grpo,GRPO,156,0.125,0.028925912209001755,0.028925912209001755,1.7414135934954256,0.0,0.0,0.6997304447612482,0.023528727631712935,0.004720815755861089,1.6236140727996826,1e-06,1280.5555555555557,4052.8571428571427,9,7,0,6,39895,0,0.6997304447612482
grpo,GRPO,157,1.0,0.0,0.0,0.6499441798351812,0.0,0.0,0.3608840858767682,0.01046198995651868,0.0034340108637548254,0.0,1e-06,1471.3125,nan,16,0,0,0,23541,0,0.3608840858767682
grpo,GRPO,158,0.375,0.0014580866661276627,0.0014580866661276627,1.1018563126800385,0.0,0.0,0.5512014785376436,0.013693525669156643,0.0036397605859909837,0.37758389115333557,1e-06,989.2727272727273,3447.4,11,5,0,4,28119,0,0.5512014785376436
grpo,GRPO,159,1.0,0.0,0.0,0.7068931707634041,0.0,0.0,0.4581087611855785,0.011694218393682083,0.0037706870773982467,0.0,1e-06,1262.4375,nan,16,0,0,0,20199,0,0.4581087611855785
grpo,GRPO,160,0.875,-0.0025186507683478926,-0.0025186507683478926,0.6999489146288975,0.0,0.0,0.4940502728870433,0.011477613847398456,0.003798096534025074,0.5637160539627075,1e-06,999.8,686.0,15,1,0,0,15683,0,0.4940502728870433
grpo,GRPO,161,0.875,0.15619621458680888,0.15619621458680888,0.7467133877502383,0.0,0.0,0.45593543329957104,0.010806985715096968,0.0033511297264135487,3.1528196334838867,1e-06,1183.5333333333333,3227.0,15,1,0,0,20980,0,0.45593543329957104
grpo,GRPO,162,1.0,0.0,0.0,0.8372311728001587,0.0,0.0,0.5866905193814097,0.012131032122924811,0.0033850208666988037,0.0,1e-06,1103.0625,nan,16,0,0,0,17649,0,0.5866905193814097
grpo,GRPO,163,1.0,0.0,0.0,0.907354661383675,0.0,0.0,0.5607407401146752,0.012908409780193936,0.003805154641632676,0.0,1e-06,1155.4375,nan,16,0,0,0,18487,0,0.5607407401146752
grpo,GRPO,164,1.0,0.0,0.0,0.6398240308880783,0.0,0.0,0.47346603712049334,0.009544321140178733,0.003290159543334506,0.0,1e-06,955.1875,nan,16,0,0,0,15283,0,0.47346603712049334
grpo,GRPO,165,1.0,0.0,0.0,0.4487983601728201,0.0,0.0,0.40557722284956793,0.008363608385012643,0.003175914317363076,0.0,1e-06,875.1875,nan,16,0,0,0,14003,0,0.40557722284956793
grpo,GRPO,166,1.0,0.0,0.0,0.4847343829186688,0.0,0.0,0.48599275471131465,0.009065525660116364,0.0032364900911057513,0.0,1e-06,832.4375,nan,16,0,0,0,13319,0,0.48599275471131465
grpo,GRPO,167,0.5,0.0,0.0,1.2324171296935396,0.0,0.0,0.7829575553906681,0.01328969078127157,0.0031849720542566477,0.0,1e-06,899.5833333333334,1828.75,12,4,0,0,18110,0,0.7829575553906681
grpo,GRPO,168,0.5,0.0,0.0,0.998509364275611,0.0,0.0,0.6234164316479618,0.012172369746226899,0.003310313722571288,0.0,1e-06,883.8333333333334,2739.25,12,4,0,1,21563,0,0.6234164316479618
grpo,GRPO,169,0.875,0.25403530656387574,0.25403530656387574,0.47005739102668626,0.0,0.0,0.4127176366582423,0.007555492365254651,0.0025791927254506446,0.7106061577796936,1e-06,953.5333333333333,4096.0,15,1,0,1,18399,0,0.4127176366582423
grpo,GRPO,170,1.0,0.0,0.0,0.9583111164636379,0.0,0.0,0.6731295249328887,0.011991480528886485,0.0034363043082310243,0.0,1e-06,768.3125,nan,16,0,0,0,12293,0,0.6731295249328887
grpo,GRPO,171,1.0,0.0,0.0,0.8315582494612406,0.0,0.0,0.6660755278280966,0.011650148832907466,0.003505231886013092,0.0,1e-06,1000.5625,nan,16,0,0,0,16009,0,0.6660755278280966
grpo,GRPO,172,0.5,0.0,0.0,1.5606840900597907,0.0,0.0,0.8359147281390135,0.016051213635576263,0.0035875040081881386,0.0,1e-06,1245.4166666666667,1281.25,12,4,0,0,20070,0,0.8359147281390135
grpo,GRPO,173,0.0,0.0,0.0,1.3393808504913904,0.0,0.0,0.7352660577586907,0.014348237267143675,0.0034213730182280034,0.0,1e-06,778.125,1530.375,8,8,0,1,18468,0,0.7352660577586907
grpo,GRPO,174,1.0,0.0,0.0,0.6567884351905672,0.0,0.0,0.6485478629961389,0.010388605006457979,0.0034628423614615983,0.0,1e-06,752.6875,nan,16,0,0,0,12043,0,0.6485478629961389
grpo,GRPO,175,0.625,0.15384959733724962,0.15384959733724962,0.6556139599237755,0.0,0.0,0.4938808558183919,0.008240732140538182,0.0022823549081738516,0.9924063682556152,1e-06,947.6153846153846,3032.6666666666665,13,3,0,2,21417,0,0.4938808558183919
grpo,GRPO,176,0.875,0.1713089109405758,0.1713089109405758,1.2564695343257875,0.0,0.0,0.721770279050812,0.012203061862254706,0.0026502828898392326,2.526641845703125,1e-06,1081.6,4096.0,15,1,0,1,20320,0,0.721770279050812
grpo,GRPO,177,1.0,0.0,0.0,0.42479062574046733,0.0,0.0,0.4525378948399679,0.008172646247461052,0.0030113458285772545,0.0,1e-06,857.25,nan,16,0,0,0,13716,0,0.4525378948399679
grpo,GRPO,178,0.75,0.006278946985831672,0.006278946985831672,1.5522532626427405,0.0,0.0,0.8920737653691619,0.015556526748761405,0.003214815780623976,2.328817844390869,1e-06,940.2142857142857,1694.0,14,2,0,0,16551,0,0.8920737653691619
grpo,GRPO,179,1.0,0.0,0.0,0.36308027858725606,0.0,0.0,0.42621417864591093,0.008479550931451219,0.003408899965006389,0.0,1e-06,839.125,nan,16,0,0,0,13426,0,0.42621417864591093
grpo,GRPO,180,1.0,0.0,0.0,0.768021838954363,0.0,0.0,0.6553284201563022,0.01180917018634027,0.003686597410231998,0.0,1e-06,934.6875,nan,16,0,0,0,14955,0,0.6553284201563022
grpo,GRPO,181,0.875,0.057465512447444765,0.057465512447444765,1.0713757253009806,0.0,0.0,0.6790754060909768,0.011525851407476612,0.0028716316142655698,8.78978157043457,1e-06,910.0,2464.0,15,1,0,0,16114,0,0.6790754060909768
grpo,GRPO,182,0.875,-0.00522221673359238,-0.00522221673359238,0.37478052098421893,0.0,0.0,0.4190814073578181,0.007237542499863012,0.0027310888405715746,0.9058228135108948,1e-06,811.6666666666666,942.0,15,1,0,0,13117,0,0.4190814073578181
grpo,GRPO,183,0.5,0.0,0.0,0.23481890005072137,0.0,0.0,0.3360707096412872,0.0068966782125295875,0.0031063213984744843,0.0,1e-06,694.1666666666666,690.0,12,4,0,0,11090,0,0.3360707096412872
grpo,GRPO,184,1.0,0.0,0.0,0.44621581040017255,0.0,0.0,0.47504586433909357,0.009605962185660273,0.0037290075180543133,0.0,1e-06,615.75,nan,16,0,0,0,9852,0,0.47504586433909357
grpo,GRPO,185,0.125,0.018900103497339425,0.018900103497339425,2.2307723984086745,0.0,0.0,0.8751225574784769,0.015031143142134516,0.0025171659213047647,2.9127233028411865,1e-06,1241.0,4096.0,9,7,0,7,39841,0,0.8751225574784769
grpo,GRPO,186,1.0,0.0,0.0,1.903080739782586,0.0,0.0,0.9858386698743075,0.016515391092508755,0.0031883594221464207,0.0,1e-06,1195.875,nan,16,0,0,0,19134,0,0.9858386698743075
grpo,GRPO,187,1.0,0.0,0.0,2.136701340107548,0.0,0.0,1.1166208269244744,0.01770441768451458,0.003157497849901937,0.0,1e-06,1290.125,nan,16,0,0,0,20642,0,1.1166208269244744
grpo,GRPO,188,1.0,0.0,0.0,0.3653025582242631,0.0,0.0,0.4011202327595689,0.00842087523715904,0.003405764403974648,0.0,1e-06,710.3125,nan,16,0,0,0,11365,0,0.4011202327595689
grpo,GRPO,189,0.625,-0.03632558994283515,-0.03632558994283515,1.8352920121038359,0.0,0.0,1.008763629173493,0.016828833202286418,0.0031470927025165863,3.797138214111328,1e-06,912.4615384615385,1946.3333333333333,13,3,0,0,17701,0,1.008763629173493
grpo,GRPO,190,1.0,0.0,0.0,0.3000235127275881,0.0,0.0,0.3308057630245564,0.007601428639446653,0.0032217493972348443,0.0,1e-06,743.1875,nan,16,0,0,0,11891,0,0.3308057630245564
grpo,GRPO,191,1.0,0.0,0.0,0.3908852452754795,0.0,0.0,0.4797252917567695,0.008481241249867783,0.003361057311621498,0.0,1e-06,830.9375,nan,16,0,0,0,13295,0,0.4797252917567695
grpo,GRPO,192,1.0,0.0,0.0,0.2598028551047223,0.0,0.0,0.33282974382010905,0.0074641368663681314,0.003299321131830422,0.0,1e-06,796.75,nan,16,0,0,0,12748,0,0.33282974382010905
grpo,GRPO,193,1.0,0.0,0.0,0.39402916666666665,0.0,0.0,0.46748561197916666,0.007759416198730469,0.0030621922810872395,0.0,1e-06,937.5,nan,16,0,0,0,15000,0,0.46748561197916666
grpo,GRPO,194,0.875,0.11582202209752179,0.11582202209752179,1.6862150366868567,0.0,0.0,0.8026996059702319,0.017131255203331978,0.003973525202232643,8.26838207244873,1e-06,1080.7333333333333,4096.0,15,1,0,1,20307,0,0.8026996059702319
grpo,GRPO,195,1.0,0.0,0.0,0.4857752798353008,0.0,0.0,0.5269237231182796,0.008861557798666505,0.0032043694818207494,0.0,1e-06,802.125,nan,16,0,0,0,12834,0,0.5269237231182796
grpo,GRPO,196,0.875,0.15779071530668792,0.15779071530668792,1.5477251627040982,0.0,0.0,0.8188609614916739,0.01676287535565122,0.004658150837908154,4.2310967445373535,1e-06,960.0,4096.0,15,1,0,1,18496,0,0.8188609614916739
grpo,GRPO,197,0.5,0.0,0.0,1.5698937009698697,0.0,0.0,0.708631666024315,0.018458138229826296,0.0032640403108549904,0.0,1e-06,1012.4166666666666,3368.25,12,4,0,2,25622,0,0.708631666024315
grpo,GRPO,198,1.0,0.0,0.0,0.4205511821067533,0.0,0.0,0.5235367642908011,0.008728680398294743,0.0033076502388449465,0.0,1e-06,899.5625,nan,16,0,0,0,14393,0,0.5235367642908011
grpo,GRPO,199,1.0,0.0,0.0,0.2974481548584287,0.0,0.0,0.4527586022338022,0.008112738165665313,0.0034285662742599733,0.0,1e-06,857.5625,nan,16,0,0,0,13721,0,0.4527586022338022
dr_grpo,Dr.GRPO,0,0.5,0.0,0.0,0.12775986805760164,0.0,0.0,0.0,0.0072372031900274384,0.0034285183998157363,0.0,1e-06,1463.0,4096.0,12,4,0,4,33940,0,0.0
dr_grpo,Dr.GRPO,1,0.875,0.03718567176027562,0.03718567176027562,0.0819255154814504,0.0,0.0,0.0,0.006298927549497231,0.003110678086961516,0.541067898273468,1e-06,1533.8,4096.0,15,1,0,1,27103,0,0.0
dr_grpo,Dr.GRPO,2,0.5,0.0,0.0,0.07365189735784138,0.0,0.0,9.13466093214145e-05,0.0052424321520810795,0.0026320331625103565,0.0,1e-06,1141.5833333333333,3854.75,12,4,0,3,29118,0,0.00020559418189739062
dr_grpo,Dr.GRPO,3,0.875,0.06346130194711955,0.06346130194711955,0.10566903505555716,0.0,0.0,0.00019395846105727029,0.006063580581899627,0.003009767260059237,0.5031388401985168,1e-06,2033.8666666666666,4096.0,15,1,0,1,34604,0,0.0003673350394130524
dr_grpo,Dr.GRPO,4,0.5,0.0,0.0,0.1478285419185458,0.0,0.0,0.0004815957157830249,0.008186999747168995,0.0038496299648837283,0.0,1e-06,1598.5,4096.0,12,4,0,4,35566,0,0.0008874165447212597
dr_grpo,Dr.GRPO,5,0.875,0.026336672839890437,0.026336672839890437,0.11282121513944224,0.0,0.0,0.0007030245716353337,0.007185914544945219,0.0034224658981262452,0.4703815281391144,1e-06,1818.6,4096.0,15,1,0,1,31375,0,0.0014684754845161188
dr_grpo,Dr.GRPO,6,1.0,0.0,0.0,0.058239082108619604,0.0,0.0,0.0005022856427217995,0.005372708216585647,0.002627108254180621,0.0,1e-06,1467.3125,nan,16,0,0,0,23477,0,0.0014021293981946524
dr_grpo,Dr.GRPO,7,1.0,0.0,0.0,0.10659302963414737,0.0,0.0,0.0015422592037073759,0.007075100386753906,0.0033830345735779126,0.0,1e-06,1854.1875,nan,16,0,0,0,29667,0,0.0034069336021224452
dr_grpo,Dr.GRPO,8,0.875,0.04135894775390625,0.04135894775390625,0.13046177610781529,0.0,0.0,0.002787822920583361,0.007313696033389386,0.0034119281751799286,2.0178613662719727,1e-06,2120.5333333333333,4096.0,15,1,0,1,35904,0,0.005088646471795653
dr_grpo,Dr.GRPO,9,0.875,0.061874387406805495,0.061874387406805495,0.09979417514254628,0.0,0.0,0.003305932542765317,0.007076253900798351,0.0032677642746050135,0.4474438726902008,1e-06,1542.1333333333334,4096.0,15,1,0,1,27228,0,0.007957161566132945
dr_grpo,Dr.GRPO,10,0.125,0.05600738860355993,0.05600738860355993,0.19455622263586028,0.0,0.0,0.004776714824980029,0.008491272332930112,0.0038042876585395553,0.4153943657875061,1e-06,1635.2222222222222,3754.4285714285716,9,7,0,5,40998,0,0.0076356598558439725
dr_grpo,Dr.GRPO,11,0.75,0.02363586713985895,0.02363586713985895,0.15494568129654487,0.0,0.0,0.006586824109713125,0.007734877431274621,0.0035348546726596017,0.521438717842102,1e-06,2062.0714285714284,4096.0,14,2,0,2,37061,0,0.011647664791941915
dr_grpo,Dr.GRPO,12,1.0,0.0,0.0,0.08427369355482017,0.0,0.0,0.002497012373725242,0.00584919010879851,0.0027821729617142532,0.0,1e-06,1748.1875,nan,16,0,0,0,27971,0,0.0058504952602501685
dr_grpo,Dr.GRPO,13,0.5,0.014480586847290299,0.014480586847290299,0.1446033110874603,0.0,0.0,0.006669590238890896,0.006894814510590793,0.0031933130177769667,0.559721052646637,1e-06,2444.25,2268.75,12,4,0,1,38406,0,0.011380989061499603
dr_grpo,Dr.GRPO,14,0.875,0.01766967896289149,0.01766967896289149,0.07807130891532647,0.0,0.0,0.004984653752848586,0.005935098299402953,0.002820154505408303,0.3184165358543396,1e-06,1474.9333333333334,2717.0,15,1,0,0,24841,0,0.013150608604592606
dr_grpo,Dr.GRPO,15,0.875,0.06413268926587169,0.06413268926587169,0.11399402666415605,0.0,0.0,0.00881513721127685,0.007773123455942291,0.0034833408658595955,0.5185438990592957,1e-06,1475.0666666666666,4096.0,15,1,0,1,26222,0,0.022031455734811977
dr_grpo,Dr.GRPO,16,0.75,-0.0156402587890625,-0.0156402587890625,0.10687677938200701,0.0,0.0,0.006747234330626298,0.006652876264258249,0.003043785745386772,0.30379319190979004,1e-06,1797.642857142857,1732.5,14,2,0,0,28632,0,0.015443795372028677
dr_grpo,Dr.GRPO,17,0.875,-0.009445189226360418,-0.009445189226360418,0.101893963664682,0.0,0.0,0.012986659646424382,0.007306955819682534,0.003389070850127287,0.2287011295557022,1e-06,1613.2666666666667,1162.0,15,1,0,0,25361,0,0.03355915486723979
dr_grpo,Dr.GRPO,18,0.375,0.03668213062919019,0.03668213062919019,0.18398976435691602,0.0,0.0,0.010943976532176252,0.00863528664211362,0.0036924296764731827,0.6232268810272217,1e-06,1567.8181818181818,3635.8,11,5,0,3,35425,0,0.020246279351099586
dr_grpo,Dr.GRPO,19,1.0,0.0,0.0,0.07801245066477946,0.0,0.0,0.00726139517648249,0.006302922533313485,0.0029608049902463797,0.0,1e-06,1474.4375,nan,16,0,0,0,23591,0,0.0201722179765994
dr_grpo,Dr.GRPO,20,0.5,0.0344619828185991,0.0344619828185991,0.2642084643511156,0.0,0.0,0.015255621269946328,0.009980245151494958,0.004165360430201406,0.664847731590271,1e-06,2093.1666666666665,4096.0,12,4,0,4,41502,0,0.024090222050677138
dr_grpo,Dr.GRPO,21,0.5,0.0,0.0,0.1471530534213973,0.0,0.0,0.018807356629406528,0.008046245169754596,0.0035544175086865176,0.0,1e-06,1499.5,3327.25,12,4,0,1,31303,0,0.03937510539132946
dr_grpo,Dr.GRPO,22,0.375,-0.03021240234375,-0.03021240234375,0.190259174355273,0.0,0.0,0.018256493392538303,0.008883844170615964,0.0037209913211818553,0.26719900965690613,1e-06,1555.1818181818182,3523.4,11,5,0,4,34724,0,0.03445621330991217
dr_grpo,Dr.GRPO,23,0.5,0.0,0.0,0.1609177285102528,0.0,0.0,0.021946308348077696,0.007850133662031206,0.0033960041482704187,0.0,1e-06,1331.0833333333333,4096.0,12,4,0,4,32357,0,0.04445014259355379
dr_grpo,Dr.GRPO,24,1.0,0.0,0.0,0.0889285899950729,0.0,0.0,0.012354641958264018,0.006640279779113268,0.0029588877028041425,0.0,1e-06,1474.625,nan,16,0,0,0,23594,0,0.034316937161006644
dr_grpo,Dr.GRPO,25,0.0,0.0,0.0,0.2856980781471801,0.0,0.0,0.023284115149571325,0.009408683275747223,0.0038776526205391596,0.0,1e-06,1507.875,4039.75,8,8,0,7,44381,0,0.034382906433886265
dr_grpo,Dr.GRPO,26,0.625,-0.021942135223950682,-0.021942135223950682,0.11518810845290552,0.0,0.0,0.01866842762735143,0.007330526152882913,0.0032645665745822624,0.3477824926376343,1e-06,1623.8461538461538,1814.3333333333333,13,3,0,0,26553,0,0.0460759263731444
dr_grpo,Dr.GRPO,27,0.0,0.0,0.0,0.1588037635680332,0.0,0.0,0.027569593753193313,0.007836912768912458,0.0034586238965032983,0.0,1e-06,1738.75,2389.75,8,8,0,1,33028,0,0.05470512583896321
dr_grpo,Dr.GRPO,28,0.875,0.05316924664557266,0.05316924664557266,0.1948992672532341,0.0,0.0,0.03980301178781844,0.008254630724344647,0.003498094887014595,0.4314412474632263,1e-06,2241.8,4096.0,15,1,0,1,37723,0,0.06914959522112424
dr_grpo,Dr.GRPO,29,0.25,0.09281920747473293,0.09281920747473293,0.25608466214565007,0.0,0.0,0.03649873080513517,0.009033569625728774,0.003783251716178017,0.8630126714706421,1e-06,2097.3,3665.5,10,6,0,5,42966,0,0.05567148028779356
dr_grpo,Dr.GRPO,30,0.875,0.02069091796875,0.02069091796875,0.3215851392378559,0.0,0.0,0.0741597421176002,0.010027684431749704,0.0041164216318468295,0.4864945113658905,1e-06,2990.5333333333333,4096.0,15,1,0,1,48954,0,0.09927958613022524
dr_grpo,Dr.GRPO,31,0.75,0.05842590090567424,0.05842590090567424,0.3146791903328812,0.0,0.0,0.060794222264609475,0.010673264755399077,0.004278971492145996,0.6863959431648254,1e-06,2574.5,4096.0,14,2,0,2,44235,0,0.09006917939037971
dr_grpo,Dr.GRPO,32,1.0,0.0,0.0,0.23570569875484265,0.0,0.0,0.06456420935862552,0.008934463079519443,0.0035203203129899278,0.0,1e-06,2242.4375,nan,16,0,0,0,35879,0,0.11793193858599409
dr_grpo,Dr.GRPO,33,0.875,0.043891907461926755,0.043891907461926755,0.295608979299061,0.0,0.0,0.060094162373731386,0.009537601407628285,0.0037586668416692355,0.42676419019699097,1e-06,2538.4,4096.0,15,1,1,1,42172,0,0.09338734291294841
dr_grpo,Dr.GRPO,34,1.0,0.0,0.0,0.16387167219779394,0.0,0.0,0.04480600944289624,0.0075175429171890126,0.003133871007641195,0.0,1e-06,1872.6875,nan,16,0,0,0,29963,0,0.09800108917163328
dr_grpo,Dr.GRPO,35,1.0,0.0,0.0,0.09587692125215141,0.0,0.0,0.0241918111140291,0.006308470128583704,0.00283046905762694,0.0,1e-06,1470.6875,nan,16,0,0,0,23531,0,0.06737641975134975
dr_grpo,Dr.GRPO,36,1.0,0.0,0.0,0.1303784892110891,0.0,0.0,0.026903778831087525,0.00696858341226647,0.003015209950088413,0.0,1e-06,1687.75,nan,16,0,0,0,27004,0,0.06529277327337255
dr_grpo,Dr.GRPO,37,0.75,0.05533599570921304,0.05533599570921304,0.19671067583678806,0.0,0.0,0.03666681664164672,0.00753259162914788,0.0030010045245559406,0.6853652000427246,1e-06,1921.7857142857142,4096.0,14,2,0,2,35097,0,0.06846729052132546
dr_grpo,Dr.GRPO,38,0.75,0.06327819167038393,0.06327819167038393,0.20751881022926535,0.0,0.0,0.043507697977873315,0.00854087458282942,0.0034197396163550818,0.5116360187530518,1e-06,1736.7142857142858,4096.0,14,2,0,2,32506,0,0.08771674443727022
dr_grpo,Dr.GRPO,39,0.5,0.0628662109375,0.0628662109375,0.14700496199324325,0.0,0.0,0.03433265413851351,0.008452671030405406,0.0033261863914695947,0.5096572041511536,1e-06,1148.5833333333333,2335.5,12,4,0,2,23125,0,0.09729837066471876
dr_grpo,Dr.GRPO,40,1.0,0.0,0.0,0.09914063154195223,0.0,0.0,0.027261019465629185,0.007116293177387953,0.0030016446499361105,0.0,1e-06,1212.875,nan,16,0,0,0,19406,0,0.09206318518496724
dr_grpo,Dr.GRPO,41,1.0,0.0,0.0,0.10110838806854659,0.0,0.0,0.0335827613207751,0.006754105659442287,0.0028547431764570164,0.0,1e-06,1265.5625,nan,16,0,0,0,20249,0,0.10869079193630879
dr_grpo,Dr.GRPO,42,1.0,0.0,0.0,0.10585161284205356,0.0,0.0,0.030022882977827285,0.007675929663455252,0.003279909531505639,0.0,1e-06,1165.125,nan,16,0,0,0,18642,0,0.10554552402289931
dr_grpo,Dr.GRPO,43,1.0,0.0,0.0,0.07573176106207107,0.0,0.0,0.023984085855195906,0.006622996601542456,0.0029649502669371053,0.0,1e-06,974.4375,nan,16,0,0,0,15591,0,0.10081592268655756
dr_grpo,Dr.GRPO,44,1.0,0.0,0.0,0.0990157337587007,0.0,0.0,0.035190359569981816,0.008304244067935486,0.003386195792728452,0.0,1e-06,996.6875,nan,16,0,0,0,15947,0,0.1446187624492587
dr_grpo,Dr.GRPO,45,0.875,0.02851105110727464,0.02851105110727464,0.21585280805863313,0.0,0.0,0.05373636900710383,0.009989776156288929,0.0037451825403446277,0.3804580569267273,1e-06,1522.8,3649.0,15,1,0,0,26491,0,0.13293823106902558
dr_grpo,Dr.GRPO,46,1.0,0.0,0.0,0.06946550498182273,0.0,0.0,0.023848690647806203,0.005194954483719798,0.0023715810098102644,0.0,1e-06,1154.0,nan,16,0,0,0,18464,0,0.08464838552288927
dr_grpo,Dr.GRPO,47,0.25,-0.009796144319797077,-0.009796144319797077,0.08555710488510872,0.0,0.0,0.030417007012612716,0.006889186946649881,0.0029353050455738455,0.26680096983909607,1e-06,1136.0,1027.0,10,6,0,0,17522,0,0.11376606389559336
dr_grpo,Dr.GRPO,48,1.0,0.0,0.0,0.07003584378503364,0.0,0.0,0.02508857966538502,0.0055254080904973465,0.0024401686116718923,0.0,1e-06,1115.0,nan,16,0,0,0,17840,0,0.09216396619678659
dr_grpo,Dr.GRPO,49,0.5,0.0,0.0,0.31768987330137066,0.0,0.0,0.08993749115297224,0.010656139024377353,0.003770447764735242,0.0,1e-06,1697.6666666666667,3406.5,12,4,0,2,33998,0,0.17336735749753482
dr_grpo,Dr.GRPO,50,1.0,0.0,0.0,0.06993542621661263,0.0,0.0,0.023015144635324388,0.006945151030447439,0.0029932532055760366,0.0,1e-06,934.8125,nan,16,0,0,0,14957,0,0.10084378677680143
dr_grpo,Dr.GRPO,51,0.875,-0.00177001953125,-0.00177001953125,0.06484024248919061,0.0,0.0,0.025872684327959142,0.006578833606546829,0.002966967089808005,0.1738104373216629,1e-06,847.5333333333333,947.0,15,1,0,0,13660,0,0.12412827526479725
dr_grpo,Dr.GRPO,52,1.0,0.0,0.0,0.16836278147818365,0.0,0.0,0.05304250819724989,0.008227907346777464,0.0031895059418823044,0.0,1e-06,1574.9375,nan,16,0,0,0,25199,0,0.1379496732892166
dr_grpo,Dr.GRPO,53,1.0,0.0,0.0,0.06529175484246813,0.0,0.0,0.028698934336544097,0.006922826087967308,0.0030322215999286964,0.0,1e-06,853.25,nan,16,0,0,0,13652,0,0.13776833875474317
dr_grpo,Dr.GRPO,54,0.5,0.0,0.0,0.1619136472627561,0.0,0.0,0.05460503900641601,0.010760360870285493,0.0038814436191948755,0.0,1e-06,1281.75,682.0,12,4,0,0,18109,0,0.19761421593265666
dr_grpo,Dr.GRPO,55,1.0,0.0,0.0,0.12696269965650855,0.0,0.0,0.04565134906123247,0.008598689145581786,0.003374774793914044,0.0,1e-06,1163.375,nan,16,0,0,0,18614,0,0.16072884990205927
dr_grpo,Dr.GRPO,56,1.0,0.0,0.0,0.06468105603043081,0.0,0.0,0.02894015244572881,0.00676027469282556,0.0030265595540329613,0.0,1e-06,872.625,nan,16,0,0,0,13962,0,0.13584170109463423
dr_grpo,Dr.GRPO,57,1.0,0.0,0.0,0.062387992650295154,0.0,0.0,0.023437036463187826,0.006437776234228286,0.0029258396177125946,0.0,1e-06,905.25,nan,16,0,0,0,14484,0,0.10604595565116524
dr_grpo,Dr.GRPO,58,1.0,0.0,0.0,0.057184870763692025,0.0,0.0,0.02462546263485314,0.006708131473696563,0.003029693307928405,0.0,1e-06,793.6875,nan,16,0,0,0,12699,0,0.12708514995178638
dr_grpo,Dr.GRPO,59,1.0,0.0,0.0,0.05378074079090836,0.0,0.0,0.022453391908854727,0.0059812278618840975,0.002685388579715376,0.0,1e-06,870.5625,nan,16,0,0,0,13929,0,0.10564329759054515
dr_grpo,Dr.GRPO,60,0.75,0.006637575640991,0.006637575640991,0.13405890550489966,0.0,0.0,0.043352532972737515,0.009941426911694145,0.003901527155709393,0.3650793135166168,1e-06,1069.5,2055.0,14,2,0,0,19083,0,0.1488839071897147
dr_grpo,Dr.GRPO,61,1.0,0.0,0.0,0.051220959204341034,0.0,0.0,0.021209633767737122,0.005452120356171579,0.0025448572783307306,0.0,1e-06,872.9375,nan,16,0,0,0,13967,0,0.09951990825534618
dr_grpo,Dr.GRPO,62,0.875,0.02841949626225982,0.02841949626225982,0.1429107803217325,0.0,0.0,0.05274156828912773,0.009404764112122588,0.0035223424932324283,0.514061450958252,1e-06,1027.2666666666667,3275.0,15,1,0,0,18684,0,0.1849963294474564
dr_grpo,Dr.GRPO,63,0.875,0.0008316029402795204,0.0008316029402795204,0.07176138084004252,0.0,0.0,0.03746683867127597,0.006702639011929229,0.002916674558777,0.1931319385766983,1e-06,873.5333333333333,1243.0,15,1,0,0,14346,0,0.1711575867252713
dr_grpo,Dr.GRPO,64,1.0,0.0,0.0,0.07627183917656613,0.0,0.0,0.03752329228145989,0.006643246320312991,0.002862312633449034,0.0,1e-06,995.6875,nan,16,0,0,0,15931,0,0.15436108737416077
dr_grpo,Dr.GRPO,65,0.875,0.0378265380859375,0.0378265380859375,0.18802526680935924,0.0,0.0,0.060928460226227395,0.011091540298911079,0.003989312305883563,0.5068150758743286,1e-06,995.2,4096.0,15,1,0,1,19024,0,0.20989316491726442
dr_grpo,Dr.GRPO,66,0.75,0.00229644775390625,0.00229644775390625,0.07111097740723658,0.0,0.0,0.037652353289578465,0.007307105402940734,0.0031267783018554896,0.2598206698894501,1e-06,885.7142857142857,863.5,14,2,0,0,14127,0,0.1746715243990808
dr_grpo,Dr.GRPO,67,1.0,0.0,0.0,0.05775459516367194,0.0,0.0,0.034278848087682695,0.007043368078668021,0.0030512699671429943,0.0,1e-06,752.625,nan,16,0,0,0,12042,0,0.18655527223670262
dr_grpo,Dr.GRPO,68,0.5,0.0,0.0,0.05498219192522984,0.0,0.0,0.036691980448670426,0.006510357538104859,0.0029194679124499557,0.0,1e-06,783.6666666666666,810.25,12,4,0,0,12645,0,0.19016572800981138
dr_grpo,Dr.GRPO,69,0.75,-0.0095062255859375,-0.0095062255859375,0.07168367845184949,0.0,0.0,0.04307425362723214,0.008231886883171237,0.003557615630480708,0.2487083226442337,1e-06,741.0,938.0,14,2,0,0,12250,0,0.23044198250728862
dr_grpo,Dr.GRPO,70,1.0,0.0,0.0,0.06264520889797547,0.0,0.0,0.0405907885707349,0.006979166771504813,0.003065211167705216,0.0,1e-06,788.375,nan,16,0,0,0,12614,0,0.21088932295637247
dr_grpo,Dr.GRPO,71,0.375,-0.006179810615864718,-0.006179810615864718,0.0992037676549438,0.0,0.0,0.0620978053373818,0.008908389283481226,0.0034466132213273114,0.15500226616859436,1e-06,730.9090909090909,1310.8,11,5,0,0,14594,0,0.2788571858702654
dr_grpo,Dr.GRPO,72,0.5,0.0,0.0,0.0664369451881312,0.0,0.0,0.04776533806581115,0.008032778198283979,0.003299153532650486,0.0,1e-06,678.75,884.75,12,4,0,0,11684,0,0.26791759632668605
dr_grpo,Dr.GRPO,73,1.0,0.0,0.0,0.12380468471777066,0.0,0.0,0.06637778384604556,0.011312303655443303,0.004000903075457519,0.0,1e-06,811.6875,nan,16,0,0,0,12987,0,0.33496068700503906
dr_grpo,Dr.GRPO,74,1.0,0.0,0.0,0.051325875157599864,0.0,0.0,0.04179042575620102,0.007089081462864184,0.0030673760555798703,0.0,1e-06,701.75,nan,16,0,0,0,11228,0,0.24392388157805397
dr_grpo,Dr.GRPO,75,1.0,0.0,0.0,0.06902477624133578,0.0,0.0,0.05104198909552563,0.008383828443389793,0.003603274377878043,0.0,1e-06,730.375,nan,16,0,0,0,11686,0,0.2862474582718097
dr_grpo,Dr.GRPO,76,1.0,0.0,0.0,0.07144527282571096,0.0,0.0,0.04991883253785426,0.007805300050898088,0.003381071182037751,0.0,1e-06,796.125,nan,16,0,0,0,12738,0,0.25682843532743105
dr_grpo,Dr.GRPO,77,0.5,0.0,0.0,0.07896630080628633,0.0,0.0,0.05594011262128065,0.008370212265517285,0.0033410351364174407,0.0,1e-06,742.3333333333334,1127.5,12,4,0,0,13418,0,0.2732218826015985
dr_grpo,Dr.GRPO,78,1.0,0.0,0.0,0.13659724716714164,0.0,0.0,0.09340508120960167,0.010904330231919756,0.003804373800363585,0.0,1e-06,981.4375,nan,16,0,0,0,15703,0,0.38982330778529295
dr_grpo,Dr.GRPO,79,1.0,0.0,0.0,0.06774684949524569,0.0,0.0,0.050066294076705785,0.008766517815228218,0.0037163081074035056,0.0,1e-06,717.6875,nan,16,0,0,0,11483,0,0.285739323226595
dr_grpo,Dr.GRPO,80,1.0,0.0,0.0,0.05528142625501727,0.0,0.0,0.04907485957363275,0.008360150818180548,0.0036437571884232636,0.0,1e-06,628.6875,nan,16,0,0,0,10059,0,0.31973058922533015
dr_grpo,Dr.GRPO,81,0.75,-0.0017089831339435493,-0.0017089831339435493,0.07651531999796665,0.0,0.0,0.05701886922084689,0.008769035572053554,0.003528904304023485,0.2289971560239792,1e-06,753.4285714285714,873.5,14,2,0,0,12295,0,0.3039275000616041
dr_grpo,Dr.GRPO,82,1.0,0.0,0.0,0.044504308769941284,0.0,0.0,0.03813164091932875,0.006617282636694392,0.0028410855858025147,0.0,1e-06,601.375,nan,16,0,0,0,9622,0,0.25971681763553617
dr_grpo,Dr.GRPO,83,0.75,0.0143280029296875,0.0143280029296875,0.08867667212676952,0.0,0.0,0.06652929184215783,0.007941570601761011,0.0032133905845142885,0.2723293602466583,1e-06,905.9285714285714,1323.0,14,2,0,0,15329,0,0.28443236154789325
dr_grpo,Dr.GRPO,84,1.0,0.0,0.0,0.06943537362054888,0.0,0.0,0.05124749377765487,0.007912094302685814,0.003346519293385219,0.0,1e-06,741.5625,nan,16,0,0,0,11865,0,0.2830641173377488
dr_grpo,Dr.GRPO,85,1.0,0.0,0.0,0.05463128036512166,0.0,0.0,0.04665942656182709,0.007225069478090008,0.0030665651464339065,0.0,1e-06,725.625,nan,16,0,0,0,11610,0,0.26338261663702844
dr_grpo,Dr.GRPO,86,0.5,0.0,0.0,0.1966354985984536,0.0,0.0,0.10926908199666453,0.01310559475590052,0.004102193647567377,0.0,1e-06,744.75,1860.0,12,4,0,0,16377,0,0.43726314695813684
dr_grpo,Dr.GRPO,87,1.0,0.0,0.0,0.06441914758016896,0.0,0.0,0.05346732915833939,0.007302400061634468,0.0030917591518825954,0.0,1e-06,774.0,nan,16,0,0,0,12384,0,0.28294855327203894
dr_grpo,Dr.GRPO,88,1.0,0.0,0.0,0.052761727507278894,0.0,0.0,0.04672008989164924,0.007842102155700725,0.0034011746392784495,0.0,1e-06,545.375,nan,16,0,0,0,8726,0,0.35088789951170346
dr_grpo,Dr.GRPO,89,1.0,0.0,0.0,0.09804361965745341,0.0,0.0,0.07114699608988466,0.009309855024114902,0.00338062737144759,0.0,1e-06,757.9375,nan,16,0,0,0,12127,0,0.3844882935389363
dr_grpo,Dr.GRPO,90,1.0,0.0,0.0,0.04824362998133371,0.0,0.0,0.044031670191911725,0.0074642088274688954,0.00325369180781096,0.0,1e-06,578.625,nan,16,0,0,0,9258,0,0.3116936204036646
dr_grpo,Dr.GRPO,91,0.875,0.002655029296875,0.002655029296875,0.06671212996177955,0.0,0.0,0.05375573944193718,0.009858038656842599,0.003978275622979866,0.17635388672351837,1e-06,606.6,782.0,15,1,0,0,9881,0,0.3565363971325569
dr_grpo,Dr.GRPO,92,1.0,0.0,0.0,0.08561553933119874,0.0,0.0,0.060367779107998905,0.00826657688142516,0.0031151479912380604,0.0,1e-06,868.625,nan,16,0,0,0,13898,0,0.28466417985478604
dr_grpo,Dr.GRPO,93,0.5,0.0,0.0,0.07842632306374585,0.0,0.0,0.06671246099897273,0.009175513544831374,0.003536389119601329,0.0,1e-06,672.3333333333334,842.5,12,4,0,0,11438,0,0.38224058786751847
dr_grpo,Dr.GRPO,94,0.5,0.0,0.0,0.07781807951699755,0.0,0.0,0.06199461479180886,0.008263053912421147,0.003415937961267778,0.0,1e-06,662.6666666666666,1125.5,12,4,0,0,12454,0,0.32623085554809583
dr_grpo,Dr.GRPO,95,1.0,0.0,0.0,0.05074617502870223,0.0,0.0,0.05207388865216436,0.007649321447412015,0.0033377610524639627,0.0,1e-06,551.1875,nan,16,0,0,0,8819,0,0.386972941003316
dr_grpo,Dr.GRPO,96,1.0,0.0,0.0,0.04995884274026092,0.0,0.0,0.05058771281314792,0.006687232916303676,0.002855475857961092,0.0,1e-06,625.5,nan,16,0,0,0,10008,0,0.3312666213951301
dr_grpo,Dr.GRPO,97,1.0,0.0,0.0,0.04201114674297385,0.0,0.0,0.047370180517831005,0.006851462570564942,0.0029719549641633886,0.0,1e-06,555.125,nan,16,0,0,0,8882,0,0.34952174627522775
dr_grpo,Dr.GRPO,98,1.0,0.0,0.0,0.05194091796875,0.0,0.0,0.047318574372043454,0.008559399899788859,0.0035202604745478198,0.0,1e-06,513.625,nan,16,0,0,0,8218,0,0.3773509479248284
dr_grpo,Dr.GRPO,99,1.0,0.0,0.0,0.05267653226774477,0.0,0.0,0.05544868361992788,0.008703490572452701,0.0036607604927261683,0.0,1e-06,573.5625,nan,16,0,0,0,9177,0,0.39597743595026624
dr_grpo,Dr.GRPO,100,0.5,0.0,0.0,0.058248173051254674,0.0,0.0,0.058850182382040844,0.007939920257389132,0.003138450219296416,0.0,1e-06,543.8333333333334,709.75,12,4,0,0,9365,0,0.41183187961446116
dr_grpo,Dr.GRPO,101,0.5,0.0,0.0,0.10681355914829002,0.0,0.0,0.0817548583426363,0.010271800096176485,0.0036300107626066093,0.0,1e-06,665.4166666666666,957.0,12,4,0,0,11813,0,0.45355848610370036
dr_grpo,Dr.GRPO,102,1.0,0.0,0.0,0.06416697916666667,0.0,0.0,0.056848483072916664,0.008820926106770833,0.003416898193359375,0.0,1e-06,585.9375,nan,16,0,0,0,9375,0,0.39739969991111107
dr_grpo,Dr.GRPO,103,1.0,0.0,0.0,0.058754117425669716,0.0,0.0,0.057321599882870264,0.008581393001809379,0.0036703475762954033,0.0,1e-06,549.4375,nan,16,0,0,0,8791,0,0.42732662608620015
dr_grpo,Dr.GRPO,104,1.0,0.0,0.0,0.04543440926987137,0.0,0.0,0.0475579721254535,0.006597213543813902,0.002738839302968853,0.0,1e-06,592.1875,nan,16,0,0,0,9475,0,0.328945568465828
dr_grpo,Dr.GRPO,105,1.0,0.0,0.0,0.05763050737764517,0.0,0.0,0.056796294948710635,0.0075130047548045585,0.0032484379566465405,0.0,1e-06,623.1875,nan,16,0,0,0,9971,0,0.37330277662809147
dr_grpo,Dr.GRPO,106,1.0,0.0,0.0,0.05320592766858601,0.0,0.0,0.05478902568125074,0.008327111272492908,0.003502238347673794,0.0,1e-06,528.8125,nan,16,0,0,0,8461,0,0.4243769751857285
dr_grpo,Dr.GRPO,107,1.0,0.0,0.0,0.06448979171138017,0.0,0.0,0.05948240609376578,0.009159141689246983,0.003694141119396478,0.0,1e-06,618.8125,nan,16,0,0,0,9901,0,0.39372174182012265
dr_grpo,Dr.GRPO,108,1.0,0.0,0.0,0.05219904469390773,0.0,0.0,0.04796779885277011,0.009111663144469637,0.0035982010417180106,0.0,1e-06,495.3125,nan,16,0,0,0,7925,0,0.39667099881579077
dr_grpo,Dr.GRPO,109,1.0,0.0,0.0,0.05683958589360955,0.0,0.0,0.05568378234177493,0.00901458568787307,0.0035404556788755266,0.0,1e-06,556.25,nan,16,0,0,0,8900,0,0.41003284938770357
dr_grpo,Dr.GRPO,110,0.875,-0.00469970703125,-0.00469970703125,0.051007761263962274,0.0,0.0,0.04682351502392705,0.008527066206375139,0.0035524091295075643,0.12574142217636108,1e-06,507.93333333333334,472.0,15,1,0,0,8091,0,0.3792641058717196
dr_grpo,Dr.GRPO,111,1.0,0.0,0.0,0.05018823314920556,0.0,0.0,0.04985756291651797,0.00854951314916677,0.003553946891868008,0.0,1e-06,503.5,nan,16,0,0,0,8056,0,0.40559399743010444
dr_grpo,Dr.GRPO,112,1.0,0.0,0.0,0.046155785312171745,0.0,0.0,0.04558963722207633,0.009127814028443409,0.003824769348657432,0.0,1e-06,446.25,nan,16,0,0,0,7140,0,0.4184541267487387
dr_grpo,Dr.GRPO,113,0.875,0.00438690185546875,0.00438690185546875,0.049086856385737516,0.0,0.0,0.05250946848016036,0.008622027127936697,0.003383081837704307,0.1372556835412979,1e-06,504.8666666666667,787.0,15,1,0,0,8360,0,0.41163403424830014
dr_grpo,Dr.GRPO,114,1.0,0.0,0.0,0.05639425235677859,0.0,0.0,0.056968429956214636,0.009351028524175011,0.0037015959221099798,0.0,1e-06,524.6875,nan,16,0,0,0,8395,0,0.44472698339612654
dr_grpo,Dr.GRPO,115,1.0,0.0,0.0,0.0748628950388418,0.0,0.0,0.06282042949926263,0.01087610378499917,0.004147848338664562,0.0,1e-06,564.1875,nan,16,0,0,0,9027,0,0.4560761789812425
dr_grpo,Dr.GRPO,116,1.0,0.0,0.0,0.08893660468324789,0.0,0.0,0.06492366933512124,0.010308407221721924,0.003814716544880303,0.0,1e-06,643.0625,nan,16,0,0,0,10289,0,0.4135326653267087
dr_grpo,Dr.GRPO,117,0.625,-0.0012359627315268234,-0.0012359627315268234,0.06859000457466115,0.0,0.0,0.058491527721274646,0.009539963973497101,0.0036966378418282655,0.16434824466705322,1e-06,581.5384615384615,591.0,13,3,0,0,9333,0,0.4107254645603188
dr_grpo,Dr.GRPO,118,1.0,0.0,0.0,0.07835270830391602,0.0,0.0,0.061858530447643084,0.009241920894208763,0.0036177435444649875,0.0,1e-06,663.9375,nan,16,0,0,0,10623,0,0.3816210723351913
dr_grpo,Dr.GRPO,119,1.0,0.0,0.0,0.0745270217674366,0.0,0.0,0.058987824813179345,0.009600014471989566,0.003710407050487015,0.0,1e-06,655.5,nan,16,0,0,0,10488,0,0.3685951646602328
dr_grpo,Dr.GRPO,120,1.0,0.0,0.0,0.0767890145952303,0.0,0.0,0.06190090468706118,0.009584354385635955,0.0037724156210963097,0.0,1e-06,667.625,nan,16,0,0,0,10682,0,0.37977323437289284
dr_grpo,Dr.GRPO,121,1.0,0.0,0.0,0.09730365491529215,0.0,0.0,0.06785961533810583,0.010778180794292876,0.003718951574847559,0.0,1e-06,646.0625,nan,16,0,0,0,10337,0,0.43022615370011646
dr_grpo,Dr.GRPO,122,0.5,0.0,0.0,0.07620343265314587,0.0,0.0,0.06209732894518539,0.00820225570111635,0.003419481497305798,0.0,1e-06,691.1666666666666,846.0,12,4,0,0,11678,0,0.3484852328953305
dr_grpo,Dr.GRPO,123,0.75,0.00970458984375,0.00970458984375,0.10045363202728858,0.0,0.0,0.06730961894609064,0.010852877275963617,0.0038608722348266733,0.32355761528015137,1e-06,672.0714285714286,817.5,14,2,0,0,11044,0,0.3994207884146139
dr_grpo,Dr.GRPO,124,1.0,0.0,0.0,0.09102171274426679,0.0,0.0,0.06768208979328165,0.009119066999042783,0.003298900252678187,0.0,1e-06,725.625,nan,16,0,0,0,11610,0,0.3820511142715337
dr_grpo,Dr.GRPO,125,0.875,0.0020599357816392955,0.0020599357816392955,0.0815485708100389,0.0,0.0,0.06468167005955275,0.009940762814237588,0.0038682777208208633,0.17504797875881195,1e-06,640.1333333333333,683.0,15,1,0,0,10285,0,0.41215147584082146
dr_grpo,Dr.GRPO,126,1.0,0.0,0.0,0.06509649443492538,0.0,0.0,0.05592146342707975,0.009943872379439795,0.0038532638680939006,0.0,1e-06,545.4375,nan,16,0,0,0,8727,0,0.419946032675272
dr_grpo,Dr.GRPO,127,1.0,0.0,0.0,0.09676181294833638,0.0,0.0,0.07427323277683855,0.01248837368269084,0.004224493278072755,0.0,1e-06,665.4375,nan,16,0,0,0,10647,0,0.4571776634979704
dr_grpo,Dr.GRPO,128,1.0,0.0,0.0,0.07336475342123099,0.0,0.0,0.06264104146189871,0.00995738166419339,0.0038568655698832904,0.0,1e-06,608.0625,nan,16,0,0,0,9729,0,0.4219594298742927
dr_grpo,Dr.GRPO,129,1.0,0.0,0.0,0.07123139893328971,0.0,0.0,0.06153559543744086,0.010138243401561022,0.003737391888573572,0.0,1e-06,528.375,nan,16,0,0,0,8454,0,0.4770282449240743
dr_grpo,Dr.GRPO,130,1.0,0.0,0.0,0.08878677369743157,0.0,0.0,0.07393235280920134,0.01025950335005506,0.003589101525107045,0.0,1e-06,603.9375,nan,16,0,0,0,9663,0,0.5014209535034481
dr_grpo,Dr.GRPO,131,1.0,0.0,0.0,0.1074953007518797,0.0,0.0,0.07899464198521206,0.011371692858244244,0.0038158237485957326,0.0,1e-06,665.0,nan,16,0,0,0,10640,0,0.4865594790547798
dr_grpo,Dr.GRPO,132,1.0,0.0,0.0,0.07926158874357483,0.0,0.0,0.0665742964846442,0.01005548064856044,0.0034997757347101674,0.0,1e-06,544.125,nan,16,0,0,0,8706,0,0.5011501371947671
dr_grpo,Dr.GRPO,133,0.875,-0.0020828255750929784,-0.0020828255750929784,0.07295757436497326,0.0,0.0,0.06720328344557117,0.009626424357350985,0.003540879780283993,0.16329526901245117,1e-06,537.2,731.0,15,1,0,0,8789,0,0.5011075644429346
dr_grpo,Dr.GRPO,134,1.0,0.0,0.0,0.07680937636050282,0.0,0.0,0.06752632144460975,0.010197862505442011,0.0037642274315077885,0.0,1e-06,569.75,nan,16,0,0,0,9116,0,0.48545469528235463
dr_grpo,Dr.GRPO,135,1.0,0.0,0.0,0.06737711475435053,0.0,0.0,0.06498448573137451,0.009568289305453006,0.0034747851621174056,0.0,1e-06,539.625,nan,16,0,0,0,8634,0,0.4932619014235997
dr_grpo,Dr.GRPO,136,0.5,0.0,0.0,0.10130295035078604,0.0,0.0,0.07609120722754215,0.00993953777825591,0.0034829337601765325,0.0,1e-06,628.25,806.75,12,4,0,0,10766,0,0.4631909118395135
dr_grpo,Dr.GRPO,137,1.0,0.0,0.0,0.07598577812634351,0.0,0.0,0.06398711059855208,0.010303053570648858,0.0036711283389626727,0.0,1e-06,508.8125,nan,16,0,0,0,8141,0,0.5151037071842168
dr_grpo,Dr.GRPO,138,0.5,0.0,0.0,0.05392876792666569,0.0,0.0,0.05417273214948,0.008501186330971456,0.0032098554564994313,0.0,1e-06,492.8333333333333,554.25,12,4,0,0,8131,0,0.43663315387385576
dr_grpo,Dr.GRPO,139,1.0,0.0,0.0,0.06975749467173417,0.0,0.0,0.05835136032859214,0.009903891633227255,0.0036713010427794055,0.0,1e-06,568.625,nan,16,0,0,0,9098,0,0.42032476923440476
dr_grpo,Dr.GRPO,140,1.0,0.0,0.0,0.10186991292166576,0.0,0.0,0.07644693588839983,0.011493134389069525,0.004208524210130745,0.0,1e-06,639.4375,nan,16,0,0,0,10231,0,0.4896907819746038
dr_grpo,Dr.GRPO,141,1.0,0.0,0.0,0.1208568474142183,0.0,0.0,0.07343580504908953,0.013651488724072198,0.004302073760722712,0.0,1e-06,586.0625,nan,16,0,0,0,9377,0,0.5132439927159146
dr_grpo,Dr.GRPO,142,1.0,0.0,0.0,0.07457002257195873,0.0,0.0,0.06614289869584239,0.011623580531167028,0.004345025355592029,0.0,1e-06,517.875,nan,16,0,0,0,8286,0,0.5231403583068702
dr_grpo,Dr.GRPO,143,1.0,0.0,0.0,0.07691087130734377,0.0,0.0,0.06214197782746762,0.012343741384649727,0.004267891090145271,0.0,1e-06,456.0625,nan,16,0,0,0,7297,0,0.5581110948199148
dr_grpo,Dr.GRPO,144,1.0,0.0,0.0,0.05955359886156872,0.0,0.0,0.055995188043460466,0.01097542246450405,0.004163926205508742,0.0,1e-06,417.5625,nan,16,0,0,0,6681,0,0.5492741571046588
dr_grpo,Dr.GRPO,145,1.0,0.0,0.0,0.06625097834671895,0.0,0.0,0.05943154487191687,0.010460735325691325,0.004000396821443695,0.0,1e-06,513.125,nan,16,0,0,0,8210,0,0.47440995429061433
dr_grpo,Dr.GRPO,146,1.0,0.0,0.0,0.08638660889394612,0.0,0.0,0.06946438235457371,0.011979278690932134,0.004167276927887017,0.0,1e-06,527.8125,nan,16,0,0,0,8445,0,0.5390666384830483
dr_grpo,Dr.GRPO,147,1.0,0.0,0.0,0.07389118805353813,0.0,0.0,0.05570821442013826,0.011792791745844236,0.004353986152971062,0.0,1e-06,519.5625,nan,16,0,0,0,8313,0,0.4391788211521931
dr_grpo,Dr.GRPO,148,1.0,0.0,0.0,0.04023151478994636,0.0,0.0,0.042155984481699195,0.010902792019051482,0.00450476284684806,0.0,1e-06,322.625,nan,16,0,0,0,5162,0,0.5352062376971404
dr_grpo,Dr.GRPO,149,1.0,0.0,0.0,0.05183603052001436,0.0,0.0,0.047236343074645165,0.010712971094694965,0.0040273334744259925,0.0,1e-06,413.375,nan,16,0,0,0,6614,0,0.4680497399062512
dr_grpo,Dr.GRPO,150,0.875,-0.00051116943359375,-0.00051116943359375,0.05407271505492792,0.0,0.0,0.047014850376384025,0.010846576103715973,0.004226859335691803,0.17417703568935394,1e-06,444.4,548.0,15,1,0,0,7214,0,0.4271091259033412
dr_grpo,Dr.GRPO,151,1.0,0.0,0.0,0.0417882518870372,0.0,0.0,0.0410560941711176,0.010445853843604915,0.0043254155275166545,0.0,1e-06,397.125,nan,16,0,0,0,6354,0,0.42345800875013584
dr_grpo,Dr.GRPO,152,0.5,0.0,0.0,0.12134307254584228,0.0,0.0,0.06358407642515505,0.012342187552475148,0.004125911446854395,0.0,1e-06,438.3333333333333,1476.5,12,4,0,0,11166,0,0.3731905814614868
dr_grpo,Dr.GRPO,153,1.0,0.0,0.0,0.024483976487547413,0.0,0.0,0.0219274994945058,0.006311656356691233,0.003110650428682322,0.0,1e-06,420.1875,nan,16,0,0,0,6723,0,0.21374990433912422
dr_grpo,Dr.GRPO,154,1.0,0.0,0.0,0.04533997937272911,0.0,0.0,0.04014677546448157,0.008593064781602724,0.0036861079327271838,0.0,1e-06,464.4375,nan,16,0,0,0,7431,0,0.35406527746471056
dr_grpo,Dr.GRPO,155,1.0,0.0,0.0,0.03552082599160739,0.0,0.0,0.02597813602953136,0.007412623366409503,0.0033798683690660783,0.0,1e-06,450.3125,nan,16,0,0,0,7205,0,0.23629467353662278
dr_grpo,Dr.GRPO,156,1.0,0.0,0.0,0.037106456811035624,0.0,0.0,0.02537504317758199,0.007112297980020887,0.0033060540254631005,0.0,1e-06,525.5,nan,16,0,0,0,8408,0,0.1977853032452442
dr_grpo,Dr.GRPO,157,1.0,0.0,0.0,0.04896740657199558,0.0,0.0,0.03945469146847236,0.007805658331830824,0.0034402023666778104,0.0,1e-06,594.4375,nan,16,0,0,0,9511,0,0.27186443697590207
dr_grpo,Dr.GRPO,158,0.5,0.0,0.0,0.05210988496350493,0.0,0.0,0.043486671492599126,0.008289139431562767,0.0036615802014346712,0.0,1e-06,432.75,1041.0,12,4,0,0,9357,0,0.30457865800352424
dr_grpo,Dr.GRPO,159,1.0,0.0,0.0,0.042392161953281784,0.0,0.0,0.032772225875413175,0.007841446846917056,0.0034906911731765453,0.0,1e-06,529.4375,nan,16,0,0,0,8471,0,0.2535427452450806
dr_grpo,Dr.GRPO,160,1.0,0.0,0.0,0.03353668189361266,0.0,0.0,0.025128710297501446,0.008022747760381529,0.003622890051824824,0.0,1e-06,405.3125,nan,16,0,0,0,6485,0,0.2539452826610724
dr_grpo,Dr.GRPO,161,1.0,0.0,0.0,0.03914189143551873,0.0,0.0,0.03959720314751441,0.008125717646793948,0.0037788364729207944,0.0,1e-06,542.1875,nan,16,0,0,0,8675,0,0.29914032339775265
dr_grpo,Dr.GRPO,162,1.0,0.0,0.0,0.03248789830861358,0.0,0.0,0.031151859447531224,0.007217648766303871,0.003490385829590235,0.0,1e-06,467.875,nan,16,0,0,0,7486,0,0.2727181753611283
dr_grpo,Dr.GRPO,163,1.0,0.0,0.0,0.03701005638320327,0.0,0.0,0.024095631609059344,0.007613382737567219,0.003647299046149085,0.0,1e-06,513.5625,nan,16,0,0,0,8217,0,0.1921785704188041
dr_grpo,Dr.GRPO,164,0.875,-0.00063323974609375,-0.00063323974609375,0.03710250854492188,0.0,0.0,0.03293696594238281,0.007695262908935547,0.0036734023094177246,0.16063201427459717,1e-06,497.73333333333335,534.0,15,1,0,0,8000,0,0.26981962499999995
dr_grpo,Dr.GRPO,165,1.0,0.0,0.0,0.038379519783946055,0.0,0.0,0.03522394595904192,0.008146803841903685,0.003739331207145875,0.0,1e-06,515.4375,nan,16,0,0,0,8247,0,0.27991227384161166
dr_grpo,Dr.GRPO,166,1.0,0.0,0.0,0.024710180324701042,0.0,0.0,0.027271494289677876,0.005955387571911358,0.00283325748438405,0.0,1e-06,458.625,nan,16,0,0,0,7338,0,0.24356291220609558
dr_grpo,Dr.GRPO,167,0.5,0.0,0.0,0.06968901072637809,0.0,0.0,0.0534516333067429,0.010002504003579464,0.003840051530077454,0.0,1e-06,567.1666666666666,1062.75,12,4,0,0,11057,0,0.31681344310307524
dr_grpo,Dr.GRPO,168,0.5,0.0,0.0,0.07694269098582811,0.0,0.0,0.04956703093026167,0.010312403589538978,0.004134668119690303,0.0,1e-06,557.0,1200.0,12,4,0,0,11484,0,0.28286528553166396
dr_grpo,Dr.GRPO,169,1.0,0.0,0.0,0.04991340208589361,0.0,0.0,0.035286841231785465,0.0074120125074065134,0.0032003124108475247,0.0,1e-06,667.5,nan,16,0,0,0,10680,0,0.21653168791819216
dr_grpo,Dr.GRPO,170,1.0,0.0,0.0,0.04151346064960761,0.0,0.0,0.028603949231035264,0.007924623849299694,0.003548733729125484,0.0,1e-06,526.625,nan,16,0,0,0,8426,0,0.2224766694523056
dr_grpo,Dr.GRPO,171,1.0,0.0,0.0,0.12497105931800911,0.0,0.0,0.06562725121079813,0.010030372148778206,0.003702740664839414,0.0,1e-06,945.875,nan,16,0,0,0,15134,0,0.2841910622010616
dr_grpo,Dr.GRPO,172,0.5,0.0,0.0,0.1396358092681692,0.0,0.0,0.06959432576017284,0.011274967306737913,0.004135874386868981,0.0,1e-06,932.6666666666666,1121.75,12,4,0,0,15679,0,0.29089442777082003
dr_grpo,Dr.GRPO,173,0.375,-0.03292846886628424,-0.03292846886628424,0.15043179796632367,0.0,0.0,0.06853776635449159,0.013617741323579584,0.004584218474851347,0.6249292492866516,1e-06,943.3636363636364,874.0,11,5,0,0,14747,0,0.3045833766737615
dr_grpo,Dr.GRPO,174,1.0,0.0,0.0,0.04134388498610725,0.0,0.0,0.024959024764641128,0.0071559769408364735,0.003311585926609244,0.0,1e-06,617.875,nan,16,0,0,0,9886,0,0.1654576822754927
dr_grpo,Dr.GRPO,175,0.5,0.0,0.0,0.10608616194587138,0.0,0.0,0.05064417994590432,0.008393476473030365,0.003306508217800307,0.0,1e-06,951.6666666666666,1415.5,12,4,0,0,17082,0,0.19429908540772658
dr_grpo,Dr.GRPO,176,1.0,0.0,0.0,0.08548177184132501,0.0,0.0,0.042234615799132576,0.008105087540146293,0.0032948816258921935,0.0,1e-06,1009.1875,nan,16,0,0,0,16147,0,0.17141808267863706
dr_grpo,Dr.GRPO,177,1.0,0.0,0.0,0.09373280664001458,0.0,0.0,0.03679615572748463,0.007827940006059388,0.0032159374311375413,0.0,1e-06,1199.875,nan,16,0,0,0,19198,0,0.1256106293237021
dr_grpo,Dr.GRPO,178,1.0,0.0,0.0,0.04806846817637038,0.0,0.0,0.024645868545796715,0.006519111226679883,0.0031524261469665655,0.0,1e-06,771.625,nan,16,0,0,0,12346,0,0.13082712141724717
dr_grpo,Dr.GRPO,179,1.0,0.0,0.0,0.03558654926288876,0.0,0.0,0.019022878520713302,0.005518519126782712,0.0027801910019332535,0.0,1e-06,810.875,nan,16,0,0,0,12974,0,0.09609090232260421
dr_grpo,Dr.GRPO,180,1.0,0.0,0.0,0.08296872792398788,0.0,0.0,0.032955629967962835,0.008374531615831057,0.003527884712642571,0.0,1e-06,1064.4375,nan,16,0,0,0,17031,0,0.1268146418636846
dr_grpo,Dr.GRPO,181,0.5,0.0,0.0,0.17448654058772914,0.0,0.0,0.05649674559941067,0.010448690622217191,0.004051296130618303,0.0,1e-06,716.8333333333334,4096.0,12,4,0,4,24986,0,0.14818581283930912
dr_grpo,Dr.GRPO,182,1.0,0.0,0.0,0.033798160099218114,0.0,0.0,0.018980099327400086,0.004942785772093053,0.002393687053226094,0.0,1e-06,843.3125,nan,16,0,0,0,13493,0,0.09218704435785163
dr_grpo,Dr.GRPO,183,0.5,0.0,0.0,0.03407815850428369,0.0,0.0,0.02159380523268535,0.005390196319907714,0.002622532551481877,0.0,1e-06,821.3333333333334,749.5,12,4,0,0,12854,0,0.11009581606731501
dr_grpo,Dr.GRPO,184,1.0,0.0,0.0,0.03531499553392091,0.0,0.0,0.022467293776950614,0.005810722169200279,0.002848349501318292,0.0,1e-06,768.1875,nan,16,0,0,0,12291,0,0.11979631966204829
dr_grpo,Dr.GRPO,185,0.5,0.04527283090953907,0.04527283090953907,0.29623727764768715,0.0,0.0,0.07734051110648947,0.01166554127821341,0.00442453690041154,0.9250603914260864,1e-06,1677.4166666666667,4096.0,12,4,0,4,36513,0,0.1388159761146686
dr_grpo,Dr.GRPO,186,0.75,0.038162232090040986,0.038162232090040986,0.1922433242027401,0.0,0.0,0.05060333588501394,0.010761352698955165,0.004031437574726611,0.5768928527832031,1e-06,1105.357142857143,4096.0,14,2,0,2,23667,0,0.1401250779803217
dr_grpo,Dr.GRPO,187,1.0,0.0,0.0,0.2086371407456178,0.0,0.0,0.06447051378507912,0.011200119072569252,0.004024428009971625,0.0,1e-06,1465.4375,nan,16,0,0,0,23447,0,0.18019958167010472
dr_grpo,Dr.GRPO,188,1.0,0.0,0.0,0.052704810730210015,0.0,0.0,0.02062721729681144,0.006718891380076416,0.003163934915958211,0.0,1e-06,814.3125,nan,16,0,0,0,13029,0,0.10375510881601309
dr_grpo,Dr.GRPO,189,1.0,0.0,0.0,0.05263430881813067,0.0,0.0,0.021249343787098796,0.006167794830766911,0.0028273023523430647,0.0,1e-06,819.3125,nan,16,0,0,0,13109,0,0.10623213017250033
dr_grpo,Dr.GRPO,190,1.0,0.0,0.0,0.04879985961784997,0.0,0.0,0.01983667745931024,0.005776224440866859,0.002777636038573909,0.0,1e-06,886.6875,nan,16,0,0,0,14187,0,0.09163434792227786
dr_grpo,Dr.GRPO,191,1.0,0.0,0.0,0.05144853741550843,0.0,0.0,0.02379813608052904,0.007598369426159305,0.0036147719501418408,0.0,1e-06,780.75,nan,16,0,0,0,12492,0,0.12485067612660512
dr_grpo,Dr.GRPO,192,1.0,0.0,0.0,0.05256731789260378,0.0,0.0,0.021494126716124856,0.006755350739838761,0.003338838213629833,0.0,1e-06,861.1875,nan,16,0,0,0,13779,0,0.10223086497336226
dr_grpo,Dr.GRPO,193,1.0,0.0,0.0,0.04245370240381703,0.0,0.0,0.018495741153914832,0.005711606160790676,0.002824901013319644,0.0,1e-06,773.875,nan,16,0,0,0,12382,0,0.0978950809451593
dr_grpo,Dr.GRPO,194,1.0,0.0,0.0,0.1814722065921628,0.0,0.0,0.05232120612380308,0.011705674894842677,0.004167954193166055,0.0,1e-06,1201.0,nan,16,0,0,0,19216,0,0.17844101605586796
dr_grpo,Dr.GRPO,195,1.0,0.0,0.0,0.05404780134489542,0.0,0.0,0.021920574364041236,0.006508970865331638,0.0030108368363573647,0.0,1e-06,808.25,nan,16,0,0,0,12932,0,0.11108774833914371
dr_grpo,Dr.GRPO,196,1.0,0.0,0.0,0.1530665899405408,0.0,0.0,0.04610248413196329,0.011949137752480294,0.004308904669790348,0.0,1e-06,1036.6875,nan,16,0,0,0,16587,0,0.18215303551409814
dr_grpo,Dr.GRPO,197,1.0,0.0,0.0,0.11205481232115179,0.0,0.0,0.044633804636034564,0.009267912301031358,0.003705660691630276,0.0,1e-06,1048.375,nan,16,0,0,0,16774,0,0.17438422681692864
dr_grpo,Dr.GRPO,198,1.0,0.0,0.0,0.048700951856847176,0.0,0.0,0.020229903217705333,0.006828457214156657,0.00327039384248511,0.0,1e-06,748.3125,nan,16,0,0,0,11973,0,0.11073139040136447
dr_grpo,Dr.GRPO,199,1.0,0.0,0.0,0.05167607862238597,0.0,0.0,0.020287297436372902,0.006804104430848551,0.00329729837840277,0.0,1e-06,841.3125,nan,16,0,0,0,13461,0,0.09877039780032201
